,,
#,Component I + (Part of Speech),Component II (Part of Speech)
1,abstract (adj),concept (n)
2,academic (adj),achievement (n)
,,career (n)
,,circles (n)
,,community (n)
,,debate (n)
,,discipline (n)
,,discourse (n)
,,institution (n)
,,journal (n)
,,life (n)
,,performance (n)
,,research (n)
,,skills (n)
,,study (n)
,,success (n)
,,work (n)
,,world (n)
,,writing (n)
,,year (n)
21,accept (v),responsibility (n)
22,acceptable (adj),behaviour (n)
23,accurate (adj),assessment (n)
,,description (n)
,,information (n)
,,measurement (n)
,,picture (n)
,,record (n)
29,achieve (a) (v),goal (n)
30,achieve (an) (v),objective (n)
,,outcome (n)
32,acquire (v),knowledge (n)
33,active (adj),involvement (n)
,,participant (n)
,,participation (n)
,,role (n)
37,actively (adv),involved (vpp)
38,acutely (adv),aware (adj)
39,add (v),information (n)
40,additional (adj),cost (n)
,,information (n)
,,problem (n)
,,resources (n)
,,support (n)
45,address (an) (v),issue (n)
46,administrative (adj),practices (n)
47,adopt (a) (v),procedure (n)
48,adopt (an) (v),approach (n)
49,advanced (adj),economy (n)
,,technology (n)
51,adverse (adj),effect (n)
,,reaction (n)
53,adversely (adv),affect (v)
54,affect (the) (v),outcome (n)
,,development (of) (n)
56,allocate (v),resources (n)
57,allow (v),access (to) (n)
58,almost (adv),identical (adj)
59,alternative (adj),approach (n)
,,explanation (n)
,,form (n)
,,interpretation (n)
,,means (n)
,,method (n)
,,model (n)
,,solution (n)
,,source (n)
,,strategy (n)
,,view (n)
,,way (n)
71,ample (adj),evidence (n)
72,analytical (adj),approach (n)
,,tool (n)
74,anecdotal (adj),evidence (n)
75,annual (adj),conference (n)
,,meeting (n)
,,rate (n)
,,report (n)
,,review (n)
80,apply (v),equally (adv)
81,apply (a) (v),method (n)
82,apply (the) (v),theory (n)
83,appropriate (adj),action (n)
,,behaviour (n)
,,conditions (n)
,,data (n)
,,form (n)
,,language (n)
,,level (n)
,,point (n)
,,response (n)
,,skills (n)
,,treatment (n)
,,way (n)
95,armed (adj),conflict (n)
96,artificial (adj),intelligence (n)
97,assess (the) (v),impact (of) (n)
98,assessment (n),process (n)
99,associated (adj),factors (n)
100,assume (v),responsibility (n)
101,assume (the) (v),role (of) (n)
102,atomic (adj),energy (n)
103,attend (a) (v),conference (n)
104,available (adj),data (n)
,,evidence (n)
,,information (n)
,,resources (n)
108,average (adj),score (n)
109,background (n),knowledge (n)
110,basic (adj),assumption (n)
,,component (n)
,,concept (n)
,,element (n)
,,function (n)
,,information (n)
,,premise (n)
,,principle (n)
,,research (n)
,,structure (n)
,,technique (n)
121,bear (v),resemblance (to) (n)
122,become (v),apparent (adj)
,,available (adj)
,,aware (adj)
,,blurred (adj)
,,established (adj)
,,evident (adj)
,,independent (adj)
,,involved (with/in) (adj)
,,obvious (adj)
,,visible (adj)
,,widespread (adj)
133,become (a) (v),source (of) (n)
134,become (the) (v),focus (of) (n)
135,begin (a) (v),process (n)
136,behave (v),differently (adv)
137,beneficial (adj),effect (n)
138,best (adv),"described (as, in terms of) (vpp)"
139,binary (adj),opposition (n)
,,system (n)
141,biological (adj),evolution (n)
,,science (n)
,,sex (n)
144,brief (adj),account (n)
,,description (n)
,,discussion (n)
,,history (n)
,,introduction (n)
,,overview (n)
,,period (n)
,,review (n)
,,summary (n)
,,time (n)
154,briefly (adv),describe (v)
,,discuss (v)
156,broad (adj),agreement (n)
,,category (n)
,,definition (n)
,,range (of) (n)
,,spectrum (n)
161,broader (adj),context (n)
162,broadly (adv),defined (vpp)
,,similar (adj)
164,business (n),sector (n)
,,transaction (n)
166,capitalist (adj),country (n)
,,economy (n)
,,society (n)
,,system (n)
,,world (n)
171,career (n),development (n)
,,opportunity (n)
173,careful (adj),analysis (n)
,,attention (n)
,,consideration (n)
,,thought (n)
177,carefully (adv),controlled (vpp)
,,selected (vpp)
179,carry (v),information (n)
180,carry out (v),research (of) (n)
181,carry out (the) (v),task (n)
182,cast (v),doubt (on) (n)
183,causal (adj),link (n)
,,relation (n)
,,relationship (n)
186,cause (v),consequences (n)
,,stress (n)
188,central (adj),authority (n)
,,concept (n)
,,concern (n)
,,control (n)
,,core (n)
,,feature (n)
,,focus (n)
,,government (n)
,,importance (n)
,,issue (n)
,,part (n)
,,point (n)
,,position (n)
,,problem (n)
,,question (n)
,,role (n)
,,tenet (n)
,,theme (n)
,,aspect (n)
,,assumptions (n)
,,characteristics (n)
,,circumstances (n)
210,change (v),constantly (adv)
,,dramatically (adv)
,,rapidly (adv)
213,change (an) (v),attitude (n)
214,changing (adj),attitudes (n)
,,circumstances (n)
,,nature (n)
,,needs (n)
,,pattern (n)
,,world (n)
220,characteristic (adj),feature (n)
221,chemical (adj),reaction (n)
222,civil (adj),case (n)
,,society (n)
224,class (n),consciousness (n)
225,classic (adj),example (n)
,,study (n)
,,text (n)
,,work (n)
229,classical (adj),theory (n)
230,clear (adj),boundary (n)
,,distinction (n)
,,evidence (n)
,,focus (n)
,,indication (n)
,,relationship (n)
,,statement (n)
,,structure (n)
238,clearly (adv),defined (vpp)
,,demonstrated (vpp)
,,established (vpp)
,,evident (adj)
,,identified (vpp)
,,important (adj)
,,related (to) (vpp)
,,understand (v)
,,visible (adj)
247,climate (n),change (n)
248,climatic (adj),conditions (n)
249,close (adj),contact (n)
,,proximity (n)
,,relationship (n)
,,scrutiny (n)
253,closely (adv),"allied (to, with) (vpp)"
,,associated (with) (vpp)
,,"connected (to, with) (vpp)"
,,"linked (to, with) (vpp)"
,,related (to) (vpp)
,,resemble (v)
,,tied (vpp)
260,closer (adj),examination (n)
,,inspection (n)
,,look (n)
263,cognitive (adj),ability (n)
,,development (n)
,,skills (n)
266,collaborative (adj),learning (n)
267,collect (v),data (n)
,,information (n)
269,collective (adj),action (n)
,,identity (n)
,,memory (n)
272,combined (adj),effect (n)
273,come into (v),conflict (with) (n)
,,contact (with) (n)
275,commercial (adj),activity (n)
,,transaction (n)
277,commit (a) (v),crime (n)
278,commit (an) (v),offence (n)
279,common (adj),ancestor (n)
,,approach (n)
,,assumption (n)
,,characteristic (n)
,,culture (n)
,,error (n)
,,feature (n)
,,goal (n)
,,method (n)
,,source (n)
,,theme (n)
,,usage (n)
291,commonly (adv),accepted (vpp)
,,associated (with) (vpp)
,,called (vpp)
,,encountered (vpp)
,,found (in) (vpp)
,,known (as) (vpp)
,,referred (to) (as) (vpp)
,,used (vpp)
299,communicate (v),effectively (adv)
300,comparative (adj),analysis (n)
,,research (n)
,,study (n)
303,compelling (adj),argument (n)
,,evidence (n)
,,reason (n)
306,competitive (adj),market (n)
,,pressure (n)
308,complete (a) (v),task (n)
309,complex (adj),area (n)
,,interaction (n)
,,issue (n)
,,pattern (n)
,,problem (n)
,,process (n)
,,question (n)
,,relationship (n)
,,set (n)
,,situation (n)
,,structure (n)
,,system (n)
321,comprehensive (adj),account (n)
,,approach (n)
,,overview (n)
,,review (n)
,,system (n)
326,conceptual (adj),framework (n)
327,concerted (adj),effort (n)
328,concluding (adj),remarks (n)
,,section (n)
,,probability (n)
331,conduct (v),research (n)
332,conduct (a) (v),study (n)
,,survey (n)
334,conduct (an) (v),analysis (n)
,,interview (n)
336,conflict (n),resolution (n)
337,conflicting (adj),interests (n)
338,consider (v),appropriate (adj)
,,relevant (adj)
340,consider (a) (v),possibility (n)
341,consider (an) (v),aspect (n)
,,issue (n)
343,consider (the) (v),impact (of) (n)
,,implications (n)
,,role (of) (n)
346,considerable (adj),amount (of) (n)
,,attention (n)
,,debate (n)
,,degree (of) (n)
,,detail (n)
,,effort (n)
,,evidence (n)
,,extent (n)
,,importance (n)
,,influence (n)
,,interest (n)
,,research (n)
,,support (n)
,,variation (n)
360,consistent (adj),pattern (n)
,,results (n)
362,constant (adj),rate (n)
363,constituent (adj),elements (n)
,,parts (n)
365,contain (v),information (n)
366,contain (an) (v),element (n)
367,contemporary (adj),debate (n)
,,issue (n)
,,life (n)
,,society (n)
,,world (n)
372,contextual (adj),factors (n)
373,continued (adj),existence (n)
,,growth (n)
,,use (n)
376,continuous (adj),process (n)
377,contribute (v),significantly (adv)
378,contribute to (the) (v),development (of) (n)
379,controversial (adj),issue (n)
380,conventional (adj),view (n)
,,wisdom (n)
382,convey (v),information (n)
,,meaning (n)
384,convey (a) (v),message (n)
385,convincing (adj),evidence (n)
386,coping (adj),strategy (n)
387,core (adj),area (n)
,,element (n)
,,issue (n)
,,skills (n)
,,value (n)
392,correct (adj),interpretation (n)
393,correct (an) (v),error (n)
394,counter (adj),argument (n)
395,cover (a) (v),range (of) (n)
,,topic (n)
397,cover (an) (v),area (n)
398,create (v),conditions (n)
,,opportunities (n)
,,problems (n)
401,create (an) (v),environment (n)
,,impression (n)
,,opportunity (n)
404,creative (adj),process (n)
,,thinking (n)
,,work (n)
407,criminal (adj),offence (n)
408,critical (adj),analysis (n)
,,approach (n)
,,attention (n)
,,essay (n)
,,evaluation (n)
,,examination (n)
,,factor (n)
,,importance (n)
,,inquiry (n)
,,introduction (n)
,,issue (n)
,,perspective (n)
,,point (n)
,,reflection (n)
,,review (n)
,,role (n)
,,scrutiny (n)
,,theory (n)
,,thinking (n)
,,writing (n)
428,critically (adv),evaluate (v)
429,crucial (adj),difference (n)
,,factor (n)
,,importance (n)
,,part (n)
,,point (n)
,,question (n)
,,role (n)
436,cultural (adj),activity (n)
,,aspect (n)
,,attitudes (n)
,,background (n)
,,boundary (n)
,,change (n)
,,context (n)
,,differences (n)
,,dimension (n)
,,diversity (n)
,,factors (n)
,,heritage (n)
,,history (n)
,,identity (n)
,,influence (n)
,,institution (n)
,,issue (n)
,,life (n)
,,norm (n)
,,perspective (n)
,,phenomenon (n)
,,practice (n)
,,significance (n)
,,theory (n)
,,tradition (n)
,,values (n)
462,culturally (adv),specific (adj)
463,current (adj),climate (n)
,,issue (n)
,,policy (n)
,,research (n)
,,status (n)
,,technology (n)
,,trend (n)
470,currently (adv),available (adj)
471,daily (adj),living (n)
472,data (n),gathering (n)
,,set (n)
474,deal (with an) (v),issue (n)
475,deem (v),appropriate (adj)
,,necessary (adj)
477,deep (adj),understanding (of) (n)
478,deeper (adj),level (n)
479,deeply (adv),embedded (vpp)
,,rooted (vpp)
481,defining (adj),characteristic (n)
,,concept (n)
,,feature (n)
484,deliberate (adj),attempt (n)
485,democratic (adj),institution (n)
,,process (n)
,,society (n)
,,state (n)
489,demographic (adj),change (n)
,,characteristics (n)
,,factor (n)
492,demonstrate (v),competence (n)
493,densely (adv),populated (vpp)
494,deny (v),access (to) (n)
495,dependent (adj),variable (n)
496,describe (a) (v),method (n)
,,process (n)
,,procedure (n)
499,descriptive (adj),statistics (n)
500,desired (adj),outcome (n)
501,detailed (adj),analysis (n)
,,examination (n)
,,information (n)
,,study (n)
505,develop (a) (v),method (n)
,,strategy (n)
,,technique (n)
,,theory (n)
509,develop (an) (v),approach (n)
,,argument (n)
511,developmental (adj),process (n)
,,stage (n)
513,diagnostic (adj),test (n)
514,differ (v),considerably (adv)
,,significantly (adv)
,,widely (adv)
517,digital (adj),information (n)
,,media (n)
,,technology (n)
520,direct (adj),access (n)
,,communication (n)
,,consequences (n)
,,contact (n)
,,evidence (n)
,,impact (n)
,,involvement (n)
,,link (n)
,,observation (n)
,,relationship (n)
,,role (n)
531,directly (adv),affect (v)
,,affected (vpp)
,,"connected (to, with) (vpp)"
,,involved (in) (vpp)
,,"linked (to, with) (vpp)"
,,proportional (to) (adj)
,,related (to) (vpp)
,,relevant (to) (adj)
,,responsible (for) (adj)
540,disclose (v),information (n)
541,discuss (a) (v),topic (n)
542,discuss (an) (v),issue (n)
543,disposable (adj),income (n)
544,distinct (adj),group (n)
,,type (n)
546,distinctive (adj),feature (n)
547,distinguishing (adj),feature (n)
548,diverse (adj),background (n)
,,group (n)
,,range (of) (n)
551,dividing (adj),line (n)
552,documentary (adj),evidence (n)
553,domestic (adj),market (n)
,,sphere (n)
,,violence (n)
556,dominant (adj),culture (n)
,,discourse (n)
,,form (n)
,,group (n)
,,ideology (n)
,,paradigm (n)
,,position (n)
,,role (n)
564,dramatic (adj),change (n)
,,effect (n)
,,increase (n)
567,draw (v),attention (to) (n)
568,draw (a) (v),conclusion (n)
,,distinction (n)
,,line (n)
571,driving (adj),force (n)
572,due (adj),process (n)
573,dynamic (adj),equilibrium (n)
,,nature (n)
,,process (n)
,,system (n)
577,earlier (adj),discussion (n)
,,period (n)
,,research (n)
,,stage (n)
,,study (n)
,,times (n)
,,version (n)
,,work (n)
585,early (adj),decades (n)
,,study (n)
587,easily (adv),accessible (adj)
,,identified (vpp)
,,understood (vpp)
590,easy (adj),access (n)
591,economic (adj),activity (n)
,,affairs (n)
,,analysis (n)
,,benefits (n)
,,change (n)
,,conditions (n)
,,consequences (n)
,,context (n)
,,crisis (n)
,,exploitation (n)
,,factors (n)
,,forces (n)
,,goal (n)
,,growth (n)
,,inequality (n)
,,integration (n)
,,interests (n)
,,policy (n)
,,power (n)
,,prosperity (n)
,,reform (n)
,,relations (n)
,,relationships (n)
,,resources (n)
,,sector (n)
,,stability (n)
,,status (n)
,,structure (n)
,,success (n)
,,system (n)
,,theory (n)
,,value (n)
,,welfare (n)
624,educational (adj),institution (n)
,,opportunity (n)
,,policy (n)
,,programme (n)
,,provision (n)
,,qualification (n)
,,research (n)
,,setting (n)
,,system (n)
633,effective (adj),communication (n)
,,implementation (n)
,,intervention (n)
,,management (n)
,,method (n)
,,participation (n)
,,policy (n)
,,treatment (n)
641,electronic (adj),access (n)
,,communication (n)
,,media (n)
,,resources (n)
,,version (n)
646,emotional (adj),impact (n)
,,intelligence (n)
,,reaction (n)
,,response (n)
,,support (n)
651,empirical (adj),data (n)
,,evidence (n)
,,investigation (n)
,,research (n)
,,study (n)
,,support (n)
,,work (n)
658,employ (a) (v),method (n)
,,technique (n)
660,employment (n),opportunities (n)
661,encounter (v),difficulties (n)
,,problems (n)
663,encourage (the) (v),development (of) (n)
664,engage in (an) (v),activity (n)
665,enhance (v),learning (n)
,,performance (n)
667,enormous (adj),amount (of) (n)
,,impact (n)
669,entire (adj),period (n)
,,range (of) (n)
671,entirely (adv),clear (adj)
,,different (adj)
,,new (adj)
674,environmental (adj),changes (n)
,,concern (n)
,,consequences (n)
,,damage (n)
,,degradation (n)
,,effects (n)
,,factors (n)
,,impact (n)
,,issues (n)
,,policy (n)
,,pollution (n)
,,protection (n)
686,equal (adj),access (n)
,,opportunity (n)
,,status (n)
,,treatment (n)
690,equally (adv),important (adj)
,,likely (adj)
,,true (adj)
,,valid (adj)
694,essential (adj),component (n)
,,element (n)
,,feature (n)
,,function (n)
,,information (n)
,,role (n)
700,establish (a) (v),relationship (n)
701,established (adj),order (n)
,,practice (n)
,,principle (n)
704,ethical (adj),consideration (n)
,,dilemma (n)
,,issue (n)
,,principle (n)
,,problem (n)
,,question (n)
710,ethnic (adj),community (n)
,,differences (n)
,,diversity (n)
,,group (n)
,,identity (n)
,,minority (n)
,,origin (n)
717,ever (adv),changing (adj)
,,increasing (adj)
719,evolutionary (adj),process (n)
,,theory (n)
721,examine (the) (v),role (of) (n)
722,exceptional (adj),case (n)
,,circumstances (n)
724,exercise (v),authority (n)
725,existing (adj),data (n)
,,research (n)
,,structure (n)
728,expand (v),rapidly (adv)
729,experience (v),difficulties (n)
,,problems (n)
731,experiential (adj),learning (n)
732,experimental (adj),conditions (n)
,,data (n)
,,design (n)
,,evidence (n)
,,method (n)
,,research (n)
,,results (n)
,,study (n)
,,work (n)
741,expert (n),opinion (n)
742,explanatory (adj),power (n)
743,explore (v),further (adv)
744,explore (an) (v),issue (n)
745,extended (adj),period (n)
746,extensive (adj),research (n)
747,extensively (adv),used (vpp)
748,external (adj),environment (n)
,,factors (n)
,,forces (n)
,,influences (n)
,,source (n)
,,threat (n)
,,world (n)
755,extract (v),data (n)
,,information (n)
757,extremely (adv),complex (adj)
,,powerful (adj)
,,sensitive (adj)
,,useful (adj)
,,valuable (adj)
762,face (v),difficulties (n)
,,discrimination (n)
764,face (a) (v),challenge (n)
,,dilemma (n)
,,problem (n)
767,facial (adj),expression (n)
768,facilitate (the) (v),development (of) (n)
769,factual (adj),information (n)
770,fair (adj),treatment (n)
771,fairly (adv),clear (adj)
,,common (adj)
,,obvious (adj)
,,straightforward (adj)
775,fall into (the) (v),category (of) (n)
776,far (adv),removed (from) (vpp)
777,federal (adj),agency (n)
,,government (n)
,,state (n)
780,feminist (adj),movement (n)
781,field (n),research (n)
782,final (adj),analysis (n)
,,answer (n)
,,chapter (n)
,,decision (n)
,,outcome (n)
,,phase (n)
,,point (n)
,,position (n)
,,product (n)
,,result (n)
,,section (n)
,,stage (n)
,,step (n)
,,version (n)
796,financial (adj),affairs (n)
,,assistance (n)
,,institution (n)
,,management (n)
,,market (n)
,,problem (n)
,,resources (n)
,,support (n)
804,find (v),evidence (n)
,,information (n)
806,finite (adj),number (n)
807,firmly (adv),established (vpp)
808,first (adj),author (n)
,,contact (n)
,,draft (n)
,,encounter (n)
,,generation (n)
,,impression (n)
,,phase (n)
,,priority (n)
816,flexible (adj),approach (n)
817,focal (adj),point (n)
818,focus (v),attention (on) (n)
819,focus on (an) (v),aspect (n)
820,follow (a) (v),format (n)
,,procedure (n)
822,follow (v),instructions (n)
823,following (adj),chapter (n)
824,foreign (adj),currency (n)
,,investment (n)
,,investor (n)
,,policy (n)
828,formal (adj),structure (n)
829,free (adj),access (n)
,,movement (n)
831,freely (adv),available (adj)
832,frequently (adv),cited (vpp)
,,found (vpp)
,,referred (to) (vpp)
,,used (vpp)
836,fulfil (an) (v),obligation (n)
837,full (adj),analysis (n)
,,employment (n)
,,information (n)
,,participation (n)
,,potential (n)
,,range (of) (n)
843,fuller (adj),discussion (n)
844,fully (adv),aware (adj)
,,developed (vpp)
,,informed (vpp)
,,integrated (vpp)
,,realized (vpp)
,,understand (v)
850,functional (adj),requirement (n)
851,fundamental (adj),aspect (n)
,,assumption (n)
,,change (n)
,,component (n)
,,difference (n)
,,importance (n)
,,principle (n)
,,problem (n)
,,question (n)
860,fundamentally (adv),different (adj)
861,further (adj),analysis (n)
,,consideration (n)
,,development (n)
864,further (adv),divided (into) (vpp)
865,further (adj),evidence (n)
,,explanation (n)
,,information (n)
,,investigation (n)
,,research (n)
,,study (n)
871,future (adj),development (n)
,,prospects (n)
,,research (n)
,,study (n)
875,gain (v),access (to) (n)
,,information (n)
,,insight (into) (n)
878,gather (v),data (n)
,,information (n)
880,gender (n),equality (n)
,,stereotype (n)
882,general (adj),agreement (n)
,,approach (n)
,,argument (n)
,,aspect (n)
,,category (n)
,,conclusion (n)
,,consensus (n)
,,definition (n)
,,feature (n)
,,formula (n)
,,overview (n)
,,principle (n)
,,statement (n)
,,tendency (n)
,,theory (n)
,,trend (n)
898,generally (adv),accepted (vpp)
,,agree (v)
,,assumed (vpp)
,,considered (vpp)
,,found (vpp)
,,"known (as, by) (vpp)"
904,genetic (adj),variation (n)
905,geographic(al) (adj),area (n)
,,distribution (n)
,,location (n)
908,get (v),involved (with/in) (adj)
909,give (v),access (to) (n)
,,consent (n)
,,consideration (n)
,,emphasis (n)
,,evidence (n)
,,feedback (n)
,,priority (to) (n)
,,guidance (n)
,,information (n)
,,insight (into) (n)
919,give (a) (v),presentation (n)
920,give (an) (v),explanation (n)
,,indication (of) (n)
,,overview (of) (n)
923,give (somebody an) (v),impression (n)
924,give (somebody) (v),treatment (n)
925,given (adj),information (n)
,,period (n)
927,global (adj),capitalism (n)
,,context (n)
,,culture (n)
,,economy (n)
,,issue (n)
,,market (n)
,,marketplace (n)
,,media (n)
,,network (n)
,,perspective (n)
,,shift (n)
,,structure (n)
,,trade (n)
,,village (n)
941,government (n),control (n)
,,department (n)
,,expenditure (n)
,,intervention (n)
,,policy (n)
946,graphical (adj),representation (n)
947,great (adj),accuracy (n)
,,diversity (n)
,,impact (n)
,,majority (n)
,,potential (n)
,,proportion (of) (n)
,,range (of) (n)
,,significance (n)
955,greater (adj),autonomy (n)
,,awareness (n)
,,emphasis (n)
,,equality (n)
,,flexibility (n)
,,likelihood (n)
961,greatly (adv),enhance (v)
,,increase (v)
,,influenced (by) (vpp)
,,reduced (vpp)
965,grow (v),rapidly (adv)
966,growing (adj),awareness (n)
,,trend (n)
968,guiding (adj),principle (n)
969,hardly (adv),surprising (adj)
970,have (v),access (to) (n)
,,consequences (n)
,,limitations (n)
,,potential (n)
974,have (a) (v),strategy (n)
,,tendency (to) (n)
976,have (an) (v),obligation (n)
977,heated (adj),debate (n)
978,heavily (adv),influenced (by) (vpp)
979,hierarchical (adj),structure (n)
980,high (adj),concentration (n)
,,correlation (n)
,,expectations (n)
,,incidence (n)
,,intensity (n)
,,level (n)
,,order (n)
,,percentage (n)
,,priority (n)
,,probability (n)
,,profile (n)
,,proportion (of) (n)
,,quality (n)
,,rate (n)
,,score (n)
,,standard (n)
,,status (n)
,,turnover (n)
,,unemployment (n)
,,value (n)
1000,high/er (adj),frequency (n)
1001,higher (adj),degree (of) (n)
,,education (n)
1003,highly (adv),charged (vpp)
,,competitive (adj)
,,complex (adj)
,,controversial (adj)
,,correlated (with) (vpp)
,,critical (adj)
,,dependent (adj)
,,desirable (adj)
,,developed (vpp)
,,educated (vpp)
,,effective (adj)
,,efficient (adj)
,,influential (adj)
,,likely (adj)
,,problematic (adj)
,,relevant (adj)
,,selective (adj)
,,sensitive (adj)
,,significant (adj)
,,skilled (adj)
,,sophisticated (adj)
,,structured (vpp)
,,successful (adj)
,,unlikely (adj)
,,valued (vpp)
,,variable (adj)
1029,historical (adj),account (n)
,,analysis (n)
,,background (n)
,,change (n)
,,circumstances (n)
,,context (n)
,,data (n)
,,development (n)
,,event (n)
,,evidence (n)
,,factors (n)
,,interpretation (n)
,,knowledge (n)
,,period (n)
,,perspective (n)
,,reality (n)
,,record (n)
,,roots (n)
,,study (n)
,,writing (n)
1049,historically (adv),specific (adj)
1050,hold (a) (v),conference (n)
1051,holistic (adj),approach (n)
1052,homogeneous (adj),group (n)
1053,huge (adj),amount (of) (n)
1054,human (adj),activity (n)
,,behaviour (n)
,,interaction (n)
,,society (n)
,,species (n)
1059,ideally (adv),suited (vpp)
1060,identify (v),factors (n)
,,features (n)
1062,identify (a) (v),problem (n)
,,way (n)
1064,identify (an) (v),area (n)
,,issue (n)
1066,immediate (adj),environment (n)
1067,immediately (adv),apparent (adj)
,,following (adj)
,,obvious (adj)
,,preceding (adj)
1071,imported (adj),goods (n)
,,products (n)
1073,impose (v),constraints (n)
,,limitations (n)
,,restrictions (n)
1076,improved (adj),performance (n)
1077,increase (v),awareness (n)
,,dramatically (adv)
,,likelihood (n)
1080,increased (adj),awareness (n)
,,competition (n)
,,demand (n)
,,importance (n)
,,interest (n)
,,level (n)
,,number (n)
,,pressure (n)
,,production (n)
,,productivity (n)
,,risk (n)
1091,increasing (adj),awareness (n)
,,complexity (n)
,,demand (n)
,,emphasis (n)
,,importance (n)
,,interest (n)
,,pressure (n)
,,proportion (of) (n)
,,tendency (n)
,,trend (n)
1101,increasingly (adv),aware (adj)
,,common (adj)
,,complex (adj)
,,difficult (adj)
,,important (adj)
,,popular (adj)
,,sophisticated (adj)
1108,independent (adj),state (n)
,,variable (n)
1110,indigenous (adj),people (n)
,,population (n)
1112,individual (adj),behaviour (n)
,,case (n)
,,characteristics (n)
,,choice (n)
,,component (n)
,,differences (n)
,,element (n)
,,experience (n)
,,interests (n)
,,item (n)
,,needs (n)
,,response (n)
,,responsibility (n)
,,rights (n)
,,variable (n)
,,variation (n)
1128,industrial (adj),capitalism (n)
,,country (n)
,,development (n)
,,production (n)
,,society (n)
1133,industrialized (adj),country (n)
,,nation (n)
1135,increasingly (adv),"linked (to, with) (vpp)"
1136,infinite (adj),number (n)
1137,information (n),flow (n)
,,gathering (n)
,,processing (n)
,,retrieval (n)
,,sharing (n)
1142,informed (adj),consent (n)
1143,initial (adj),period (n)
,,phase (n)
,,position (n)
,,research (n)
,,stage (n)
1148,institutional (adj),arrangement (n)
,,context (n)
,,framework (n)
,,structure (n)
,,support (n)
1153,integral (adj),part (n)
1154,integrated (adj),approach (n)
,,system (n)
1156,intellectual (adj),property (n)
,,work (n)
1158,intensive (adj),study (n)
1159,interested (adj),party (n)
1160,internal (adj),affairs (n)
,,conflict (n)
,,control (n)
,,market (n)
,,organ (n)
,,structure (n)
1166,international (adj),agreement (n)
,,body (n)
,,community (n)
,,conference (n)
,,context (n)
,,journal (n)
,,organization (n)
,,treaty (n)
1174,internet (n),access (n)
1175,interpersonal (adj),relationships (n)
,,skills (n)
1177,interpret (v),data (n)
1178,intimate (adj),relationship (n)
1179,intimately (adv),"connected (to, with) (vpp)"
1180,intrinsic (adj),value (n)
1181,introduce (v),legislation (n)
1182,introductory (adj),chapter (n)
,,section (n)
,,text (n)
1185,keenly (adv),aware (adj)
1186,key (adj),area (n)
,,aspect (n)
,,characteristic (n)
,,component (n)
,,concept (n)
,,element (n)
,,factor (n)
,,feature (n)
,,findings (n)
,,issue (n)
,,objective (n)
,,player (n)
,,policy (n)
,,principle (n)
,,role (n)
,,source (n)
,,text (n)
,,theme (n)
,,topic (n)
1205,large (adj),majority (n)
,,percentage (n)
,,portion (n)
,,proportion (of) (n)
,,quantities (of) (n)
,,range (of) (n)
1211,largely (adv),based (on) (vpp)
,,confined (to) (vpp)
,,determined (by) (vpp)
,,ignored (vpp)
,,responsible (for) (adj)
1216,later (adj),work (n)
,,writings (n)
1218,lead to (the) (v),conclusion (n)
1219,leading (adj),role (n)
1220,learning (adj),activity (n)
1221,learning (n),difficulties (n)
,,environment (n)
,,objective (n)
,,outcome (n)
,,process (n)
,,resources (n)
,,strategy (n)
1228,legal (adj),action (n)
,,basis (n)
,,framework (n)
,,issue (n)
,,obligation (n)
,,position (n)
,,proceedings (n)
,,protection (n)
,,requirement (n)
,,right (n)
,,rule (n)
,,status (n)
,,system (n)
1241,legislative (adj),measures (n)
,,power (n)
1243,liberal (adj),democracy (n)
1244,lifelong (adj),learning (n)
1245,likely (adj),impact (n)
,,outcome (n)
1247,limited (adj),access (n)
,,capacity (n)
,,information (n)
,,opportunity (n)
,,range (of) (n)
,,resources (n)
1253,linear (adj),relationship (n)
1254,literal (adj),interpretation (n)
,,meaning (n)
,,sense (n)
1257,literary (adj),text (n)
,,tradition (n)
1259,little (adj),evidence (n)
,,impact (n)
,,information (n)
,,research (n)
,,significance (n)
1264,living (adj),conditions (n)
,,organism (n)
,,standard (n)
1267,local (adj),area (n)
,,authority (n)
,,circumstances (n)
,,community (n)
,,culture (n)
,,economy (n)
,,government (n)
1274,logical (adj),approach (n)
,,argument (n)
,,conclusion (n)
1277,long (adj),duration (n)
1278,long (adv),established (adj)
1279,longitudinal (adj),study (n)
1280,low (adj),income (n)
,,intensity (n)
,,level (n)
,,percentage (n)
,,priority (n)
,,probability (n)
,,profile (n)
,,quality (n)
,,status (n)
,,turnover (n)
,,unemployment (n)
1291,low/er (adj),frequency (n)
1292,lower (adj),class (n)
1293,main (adj),area (n)
,,argument (n)
,,category (n)
,,characteristics (n)
,,component (n)
,,element (n)
,,factor (n)
,,feature (n)
,,findings (n)
,,focus (n)
,,function (n)
,,issue (n)
,,principle (n)
,,source (n)
,,task (n)
,,theme (n)
1309,mainly (adv),concerned (with) (vpp)
1310,maintain (v),contact (n)
1311,major (adj),advantage (n)
,,area (n)
,,cause (n)
,,challenge (n)
,,change (n)
,,component (n)
,,concern (n)
,,contribution (n)
,,decision (n)
,,difference (n)
,,factor (n)
,,feature (n)
,,focus (n)
,,impact (n)
,,implications (n)
,,influence (n)
,,issue (n)
,,part (n)
,,problem (n)
,,reason (n)
,,role (n)
,,shift (n)
,,source (n)
,,theme (n)
1335,make (v),adjustments (n)
,,arrangements (n)
,,available (adj)
,,aware (adj)
,,contact (n)
1340,make (a) (v),contribution (n)
1341,make (v),explicit (adj)
,,policy (n)
,,provision (n)
,,visible (adj)
1345,make (a) (v),comment (n)
,,distinction (n)
,,judgement (n)
,,living (n)
,,prediction (n)
,,recommendation (n)
,,statement (n)
,,transition (n)
1353,make (an) (v),argument (n)
,,assessment (n)
,,assumption (n)
,,impact (n)
,,impression (n)
,,observation (n)
1359,male (adj),dominance (n)
1360,manual (adj),worker (n)
1361,manufacturing (adj),sector (n)
1362,marked (adj),contrast (n)
1363,markedly (adv),different (adj)
1364,maximum (adj),duration (n)
1365,mean (adj),score (n)
1366,meaningful (adj),way (n)
1367,media (n),coverage (n)
1368,medical (adj),assistance (n)
,,treatment (n)
1370,meet (v),criteria (n)
,,expectations (n)
1372,meet (a) (v),requirement (n)
,,target (n)
1374,meet (an) (v),objective (n)
1375,mental (adj),health (n)
,,illness (n)
,,state (n)
1378,methodological (adj),approach (n)
,,issue (n)
,,problem (n)
1381,metropolitan (adj),area (n)
1382,middle (adj),income (n)
,,management (n)
1384,migrant (adj),worker (n)
1385,military (adj),action (n)
,,force (n)
,,power (n)
,,service (n)
1389,minimum (adj),level (n)
,,requirement (n)
,,standard (n)
,,value (n)
,,wage (n)
1394,minor (adj),change (n)
,,role (n)
1396,minority (n),group (n)
1397,missing (adj),data (n)
1398,modern (adj),culture (n)
,,method (n)
,,society (n)
,,technology (n)
1402,modified (adj),form (n)
,,version (n)
1404,moral (adj),dilemma (n)
,,philosophy (n)
,,principle (n)
1407,multiple (adj),identities (n)
,,sources (n)
1409,municipal (adj),government (n)
1410,mutual (adj),recognition (n)
,,support (n)
,,trust (n)
,,understanding (n)
1414,mutually (adv),exclusive (adj)
1415,narrow (adj),definition (n)
,,range (of) (n)
1417,national (adj),average (n)
,,boundary (n)
,,conference (n)
,,culture (n)
,,economy (n)
,,government (n)
,,identity (n)
,,income (n)
,,institution (n)
,,interest (n)
,,language (n)
,,legislation (n)
,,market (n)
,,media (n)
,,movement (n)
,,policy (n)
,,press (n)
,,security (n)
,,survey (n)
1436,native (adj),speaker (n)
1437,natural (adj),conditions (n)
,,disaster (n)
,,environment (n)
,,history (n)
,,language (n)
,,law (n)
,,order (n)
,,philosophy (n)
,,process (n)
,,resources (n)
,,right (n)
,,science (n)
,,tendency (n)
,,world (n)
1451,naturally (adv),occurring (adj)
1452,necessary (adj),information (n)
1453,negative (adj),aspect (n)
,,attitude (n)
,,connotation (n)
,,consequences (n)
,,correlation (n)
,,effect (n)
,,feedback (n)
,,impact (n)
,,outcome (n)
,,side (n)
,,stereotype (n)
,,value (n)
,,view (n)
1466,negatively (adv),correlated (with) (vpp)
1467,new (adj),initiative (n)
,,insight (n)
,,perspective (n)
1470,newly (adv),acquired (vpp)
,,created (vpp)
,,discovered (vpp)
,,emerging (adj)
,,established (adj)
,,formed (vpp)
1476,next (adj),decade (n)
,,generation (n)
,,phase (n)
1479,normal (adj),conditions (n)
,,development (n)
,,distribution (n)
,,practice (n)
1483,notable (adj),exception (n)
1484,nuclear (adj),energy (n)
,,family (n)
,,power (n)
,,war (n)
,,weapon (n)
1489,numerical (adj),data (n)
,,value (n)
1491,numerous (adj),studies (n)
1492,objective (adj),criteria (n)
,,reality (n)
1494,obtain (v),data (n)
,,information (n)
1496,obtain (a) (v),result (n)
1497,obvious (adj),difference (n)
,,example (n)
,,point (n)
,,reason (n)
1501,occur (v),frequently (adv)
,,naturally (adv)
1503,offer (v),insight (into) (n)
1504,offer (an) (v),opportunity (n)
1505,official (adj),statistics (n)
1506,once (adv),established (vpp)
1507,ongoing (adj),debate (n)
,,process (n)
1509,online (adj),access (n)
,,database (n)
,,journal (n)
,,version (n)
1513,open (adj),access (n)
1514,opening (adj),chapter (n)
,,section (n)
1516,opinion (n),leader (n)
1517,optimal (adj),solution (n)
1518,oral (adj),history (n)
,,presentation (n)
1520,organizing (adj),principle (n)
1521,organizational (adj),structure (n)
1522,original (adj),author (n)
,,context (n)
,,data (n)
,,intent (n)
,,meaning (n)
,,model (n)
,,position (n)
,,research (n)
,,source (n)
,,text (n)
,,version (n)
,,work (n)
1534,originally (adv),developed (vpp)
,,intended (vpp)
1536,overall (adj),aim (n)
,,effect (n)
,,level (n)
,,performance (n)
,,picture (n)
,,rate (n)
,,structure (n)
1543,overwhelming (adj),majority (n)
1544,paid (adj),employment (n)
1545,paramount (adj),importance (n)
1546,particular (adj),area (n)
,,aspect (n)
,,emphasis (n)
,,feature (n)
,,focus (n)
,,individual (n)
,,meaning (n)
1553,particularly (adv),acute (adj)
,,apparent (adj)
,,appropriate (adj)
,,concerned (with) (vpp)
,,effective (adj)
,,evident (adj)
,,influential (adj)
,,relevant (adj)
,,sensitive (adj)
,,significant (adj)
,,striking (adj)
,,successful (adj)
,,suited (to) (vpp)
,,useful (adj)
,,valuable (adj)
1568,partly (adv),responsible (for) (adj)
1569,party (n),leader (n)
1570,past (adj),research (n)
1571,peace (n),treaty (n)
1572,perceived (adj),importance (n)
,,need (n)
,,threat (n)
1575,perform (a) (v),function (n)
,,study (n)
,,task (n)
1578,personal (adj),choice (n)
,,circumstances (n)
,,communication (n)
,,contact (n)
,,control (n)
,,experience (n)
,,information (n)
,,interest (n)
,,knowledge (n)
,,quality (n)
,,relationship (n)
,,responsibility (n)
,,safety (n)
,,space (n)
1592,physical (adj),activity (n)
,,appearance (n)
,,characteristics (n)
,,contact (n)
,,development (n)
,,environment (n)
,,features (n)
,,health (n)
,,needs (n)
,,presence (n)
,,properties (n)
,,proximity (n)
,,science (n)
,,space (n)
,,symptom (n)
,,world (n)
1608,pilot (n),study (n)
1609,pioneering (adj),work (n)
1610,pivotal (adj),role (n)
1611,place (v),emphasis (n)
1612,planning (n),stage (n)
1613,plausible (adj),explanation (n)
1614,play (a) (v),role (in) (n)
1615,political (adj),activism (n)
,,activity (n)
,,agenda (n)
,,arena (n)
,,authority (n)
,,circumstances (n)
,,climate (n)
,,conflict (n)
,,consciousness (n)
,,consensus (n)
,,consequences (n)
,,consideration (n)
,,context (n)
,,culture (n)
,,debate (n)
,,dimension (n)
,,economy (n)
,,environment (n)
,,factors (n)
,,identity (n)
,,ideology (n)
,,implications (n)
,,instability (n)
,,institution (n)
,,leader (n)
,,mobilization (n)
,,movement (n)
,,organization (n)
,,participation (n)
,,party (n)
,,philosophy (n)
,,reality (n)
,,reform (n)
,,representation (n)
,,significance (n)
,,spectrum (n)
,,stability (n)
,,status (n)
,,structure (n)
1654,politically (adv),correct (adj)
,,motivated (vpp)
1656,poorly (adv),understood (vpp)
1657,popular (adj),culture (n)
,,media (n)
1659,pose (a) (v),challenge (n)
,,problem (n)
,,question (n)
,,threat (to) (n)
1663,positive (adj),action (n)
,,aspect (n)
,,attitude (n)
,,connotation (n)
,,correlation (n)
,,discrimination (n)
,,effect (n)
,,feature (n)
,,feedback (n)
,,image (n)
,,impact (n)
,,influence (n)
,,outcome (n)
,,relationship (n)
,,result (n)
,,value (n)
,,view (n)
1680,positively (adv),associated (with) (vpp)
,,correlated (with) (vpp)
1682,possible (adj),consequences (n)
,,explanation (n)
,,outcome (n)
,,source (n)
1686,potential (adj),benefits (n)
,,conflict (n)
,,customer (n)
,,harm (n)
,,impact (n)
,,problem (n)
,,risk (n)
,,source (n)
,,value (n)
1695,potentially (adv),dangerous (adj)
1696,powerful (adj),force (n)
,,group (n)
,,influence (n)
,,tool (n)
1700,practical (adj),consideration (n)
,,difficulties (n)
,,issue (n)
,,significance (n)
1704,preceding (adj),chapter (n)
,,discussion (n)
,,section (n)
1707,precise (adj),definition (n)
,,nature (n)
1709,predictive (adj),power (n)
1710,preferential (adj),treatment (n)
1711,preliminary (adj),data (n)
,,findings (n)
,,result (n)
1714,premature (adj),death (n)
1715,present (adj),context (n)
1716,present (v),data (n)
,,difficulties (n)
,,evidence (n)
1719,present (a) (v),challenge (n)
,,summary (n)
1721,present (an) (v),argument (n)
1722,presidential (adj),election (n)
1723,previous (adj),chapter (n)
,,decade (n)
,,discussion (n)
,,experience (n)
,,generation (n)
,,knowledge (n)
,,paragraph (n)
,,part (n)
,,research (n)
,,section (n)
,,study (n)
,,work (n)
1735,previously (adv),described (vpp)
,,discussed (vpp)
,,known (vpp)
,,mentioned (vpp)
,,thought (vpp)
1740,primarily (adv),concerned (with) (vpp)
,,responsible (for) (adj)
1742,primary (adj),aim (n)
,,care (n)
,,concern (n)
,,data (n)
,,education (n)
,,focus (n)
,,function (n)
,,objective (n)
,,purpose (n)
,,reason (n)
,,research (n)
,,responsibility (n)
,,source (n)
,,task (n)
1756,prime (adj),example (n)
,,time (n)
1758,principal (adj),source (n)
1759,prior (adj),experience (n)
,,knowledge (n)
1761,private (adj),individual (n)
,,investment (n)
,,sector (n)
,,sphere (n)
1765,privileged (adj),position (n)
1766,problem (n),area (n)
1767,process (v),data (n)
,,information (n)
1769,professional (adj),activity (n)
,,body (n)
,,colleague (n)
,,development (n)
,,experience (n)
,,knowledge (n)
,,practice (n)
,,qualification (n)
,,staff (n)
,,standard (n)
,,status (n)
,,support (n)
,,training (n)
,,work (n)
1783,profound (adj),effect (n)
,,impact (n)
1785,prominent (adj),feature (n)
,,member (n)
,,role (n)
1788,promote (v),equality (n)
1789,promote (the) (v),development (of) (n)
1790,properly (adv),understood (vpp)
1791,proposed (adj),legislation (n)
1792,prove (v),successful (adj)
,,useful (adj)
1794,provide (v),access (to) (n)
,,assistance (n)
,,care (n)
,,context (n)
,,coverage (n)
,,data (n)
,,details (n)
,,evidence (n)
,,feedback (n)
,,guidance (n)
,,information (n)
,,insight (into) (n)
,,material (n)
,,resources (n)
,,support (n)
1809,provide (a) (v),benefit (n)
,,clue (n)
,,focus (n)
,,foundation (for) (n)
,,service (n)
,,source (n)
,,summary (n)
1816,provide (an) (v),alternative (n)
,,example (n)
,,explanation (n)
,,illustration (n)
,,indication (of) (n)
,,opportunity (n)
,,overview (of) (n)
1823,public (adj),access (n)
,,administration (n)
,,attitudes (n)
,,authority (n)
,,awareness (n)
,,debate (n)
,,discourse (n)
,,display (n)
,,domain (n)
,,expenditure (n)
,,funds (n)
,,image (n)
,,institution (n)
,,perception (n)
,,policy (n)
,,sector (n)
,,sphere (n)
,,transport (n)
,,welfare (n)
1842,publicly (adv),available (adj)
1843,publish (v),research (n)
1844,publish (a) (v),journal (n)
,,report (n)
1846,publish (an) (v),article (n)
1847,published (adj),literature (n)
,,material (n)
,,research (n)
,,work (n)
1851,purchasing (adj),power (n)
1852,qualitative (adj),analysis (n)
,,approach (n)
,,data (n)
,,method (n)
,,research (n)
,,study (n)
1858,qualitatively (adv),different (adj)
1859,quantitative (adj),analysis (n)
,,approach (n)
,,data (n)
,,method (n)
,,research (n)
,,result (n)
,,study (n)
1866,racial (adj),differences (n)
,,discrimination (n)
,,equality (n)
,,group (n)
,,stereotype (n)
1871,radical (adj),change (n)
,,critique (n)
,,differences (n)
,,transformation (n)
1875,radically (adv),different (adj)
1876,raise (v),awareness (n)
1877,raise (a) (v),question (n)
1878,raise (an) (v),issue (n)
1879,random (adj),error (n)
,,sample (n)
,,variable (n)
1882,randomly (adv),assigned (to) (vpp)
,,chosen (vpp)
,,selected (vpp)
1885,rapid (adj),expansion (n)
1886,rapidly (adv),changing (adj)
,,growing (adj)
1888,raw (adj),data (n)
1889,reach (a) (v),consensus (n)
,,peak (n)
1891,reach (an) (v),agreement (n)
1892,readily (adv),accessible (adj)
,,available (adj)
,,understood (vpp)
1895,ready (adj),access (n)
1896,real (adj),issue (n)
1897,receive (v),feedback (n)
,,information (n)
,,treatment (n)
1900,recent (adj),decades (n)
,,evidence (n)
,,research (n)
,,study (n)
,,survey (n)
1905,reciprocal (adj),relationship (n)
1906,record (v),data (n)
1907,recurrent (adj),theme (n)
1908,reduce (v),emissions (n)
,,stress (n)
1910,reduce (the) (v),likelihood (n)
1911,reflective (adj),practice (n)
,,question (n)
1913,regional (adj),development (n)
,,differences (n)
,,variation (n)
1916,regulatory (adj),agency (n)
,,framework (n)
1918,related (adj),activity (n)
,,area (n)
,,aspect (n)
,,factor (n)
,,information (n)
,,issue (n)
,,problem (n)
,,question (n)
,,topic (n)
1927,relative (adj),autonomy (n)
,,merits (n)
,,status (n)
1930,relatively (adv),common (adj)
,,constant (adj)
,,few (adj)
,,high (adj)
,,little (adj)
,,low (adj)
,,minor (adj)
,,rare (adj)
,,recent (adj)
,,simple (adj)
,,stable (adj)
,,straightforward (adj)
1942,relevant (adj),data (n)
,,factors (n)
,,information (n)
,,issue (n)
,,literature (n)
,,material (n)
1948,reliable (adj),data (n)
,,information (n)
1950,religious (adj),belief (n)
,,faith (n)
,,freedom (n)
,,group (n)
,,identity (n)
,,movement (n)
,,practice (n)
1957,rely (v),heavily (on) (adv)
1958,remain (v),constant (adj)
,,stable (adj)
,,unchanged (adj)
,,unclear (adj)
1962,remarkably (adv),similar (adj)
1963,renewable (adj),energy (n)
1964,renewed (adj),interest (n)
1965,report (v),data (n)
,,findings (n)
1967,representative (adj),government (n)
1968,require (v),consideration (n)
,,knowledge (n)
,,resources (n)
1971,research (n),effort (n)
,,evidence (n)
,,findings (n)
,,methodology (n)
,,purposes (n)
,,topic (n)
1977,resolve (a) (v),conflict (n)
,,dispute (n)
1979,respond (v),appropriately (adv)
1980,review (a) (v),study (n)
1981,revised (adj),edition (n)
,,version (n)
1983,rich (adj),source (n)
1984,rising (adj),cost (n)
1985,risk (n),assessment (n)
1986,roughly (adv),equal (adj)
1987,roughly (adj),equivalent (n)
1988,ruling (adj),class (n)
,,party (n)
1990,rural (adj),area (n)
,,community (n)
,,economy (n)
,,population (n)
,,society (n)
1995,safe (adj),sex (n)
1996,salient (adj),characteristic (n)
,,feature (n)
1998,scarce (adj),resources (n)
1999,schematic (adj),representation (n)
2000,scholarly (adj),journal (n)
,,literature (n)
,,research (n)
,,work (n)
2004,scientific (adj),community (n)
,,discourse (n)
,,evidence (n)
,,investigation (n)
,,method (n)
,,objectivity (n)
,,research (n)
,,theory (n)
2012,secondary (adj),data (n)
,,education (n)
,,source (n)
2015,security (n),policy (n)
2016,seek (v),help (n)
,,information (n)
2018,seem (v),appropriate (adj)
,,obvious (adj)
,,plausible (adj)
,,unlikely (adj)
2022,seminal (adj),study (n)
,,work (n)
2024,senior (adj),management (n)
2025,separate (adj),entity (n)
2026,serious (adj),challenge (n)
,,consequences (n)
,,offence (n)
2029,serve (a) (v),function (n)
2030,service (n),sector (n)
2031,set (a) (v),goal (n)
,,target (n)
2033,set (an) (v),objective (n)
2034,set (the) (v),agenda (n)
,,parameters (n)
2036,severely (adv),affect (v)
2037,sexual (adj),abuse (n)
,,act (n)
,,behaviour (n)
,,contact (n)
,,difference (n)
,,exploitation (n)
,,identity (n)
,,intercourse (n)
,,orientation (n)
,,violence (n)
2047,share (v),information (n)
2048,shared (adj),experience (n)
,,meaning (n)
,,values (n)
2051,sharp (adj),contrast (n)
,,distinction (n)
2053,shift (v),emphasis (n)
2054,short (adj),duration (n)
,,period (n)
2056,show (v),evidence (n)
,,variation (n)
2058,show (a) (v),tendency (n)
,,trend (n)
2060,sign (a) (v),treaty (n)
2061,significant (adj),amount (of) (n)
,,change (n)
,,contribution (n)
,,correlation (n)
,,correlation (n)
,,degree (of) (n)
,,development (n)
,,difference (n)
,,effect (n)
,,factor (n)
,,feature (n)
,,figures (n)
,,growth (n)
,,impact (n)
,,improvement (n)
,,increase (n)
,,influence (n)
,,interaction (n)
,,number (n)
,,part (n)
,,portion (n)
,,proportion (of) (n)
,,reduction (n)
,,relationship (n)
,,role (n)
,,shift (n)
,,variation (n)
2088,significantly (adv),affect (v)
,,correlated (with) (vpp)
,,higher (adj)
,,increase (v)
,,reduced (vpp)
2093,similar (adj),approach (n)
,,argument (n)
,,characteristics (n)
,,effect (n)
,,issue (n)
,,pattern (n)
,,properties (n)
,,result (n)
,,situation (n)
2102,simple (adj),majority (n)
2103,simplified (adj),version (n)
2104,single (adj),currency (n)
,,element (n)
,,entity (n)
,,individual (n)
,,issue (n)
,,source (n)
,,variable (n)
2111,skilled (adj),worker (n)
2112,slightly (adv),different (adj)
,,higher (adj)
2114,slow (adj),process (n)
2115,small (adj),fraction (n)
,,minority (n)
,,percentage (n)
,,portion (n)
,,proportion (of) (n)
,,quantities (of) (n)
2121,social (adj),activity (n)
,,aspect (n)
,,attitudes (n)
,,background (n)
,,behaviour (n)
,,circumstances (n)
,,conflict (n)
,,consequences (n)
,,construct (n)
,,contact (n)
,,context (n)
,,democracy (n)
,,dimension (n)
,,environment (n)
,,equality (n)
,,exclusion (n)
,,expectations (n)
,,factors (n)
,,function (n)
,,identity (n)
,,implications (n)
,,inequality (n)
,,institution (n)
,,integration (n)
,,interaction (n)
,,isolation (n)
,,mobility (n)
,,movement (n)
,,norm (n)
,,organization (n)
,,phenomenon (n)
,,policy (n)
,,reform (n)
,,relationship (n)
,,responsibility (n)
,,setting (n)
,,significance (n)
,,status (n)
,,structure (n)
,,theory (n)
,,transformation (n)
,,trend (n)
,,welfare (n)
2164,socially (adv),acceptable (adj)
,,constructed (vpp)
,,desirable (adj)
,,responsible (adj)
2168,socioeconomic (adj),status (n)
2169,solar (adj),energy (n)
,,panel (n)
,,power (n)
,,system (n)
2173,source (n),material (n)
2174,sovereign (adj),state (n)
2175,sparsely (adv),populated (vpp)
2176,special (adj),circumstances (n)
,,emphasis (n)
,,issue (n)
,,relationship (n)
,,status (n)
2181,specific (adj),area (n)
,,aspect (n)
,,case (n)
,,characteristic (n)
,,context (n)
,,example (n)
,,factor (n)
,,feature (n)
,,focus (n)
,,form (n)
,,function (n)
,,information (n)
,,issue (n)
,,knowledge (n)
,,meaning (n)
,,needs (n)
,,problem (n)
,,purpose (n)
,,question (n)
,,reference (n)
,,sense (n)
,,type (n)
2203,specifically (adv),"designed (to, for) (vpp)"
2204,standard (adj),approach (n)
,,error (n)
,,format (n)
,,method (n)
2208,stark (adj),contrast (n)
2209,start (a) (v),process (n)
2210,state (v),explicitly (adv)
2211,state (n),sector (n)
2212,statistical (adj),analysis (n)
,,data (n)
,,information (n)
,,method (n)
,,significance (n)
,,technique (n)
,,test (n)
2219,statistically (adv),significant (adj)
2220,store (v),data (n)
,,information (n)
2222,strategic (adj),decision (n)
,,importance (n)
,,management (n)
,,objective (n)
,,planning (n)
2227,stress (n),level (n)
2228,striking (adj),contrast (n)
,,example (n)
,,feature (n)
2231,strong (adj),bond (n)
,,correlation (n)
,,emphasis (n)
,,evidence (n)
,,link (n)
,,reaction (n)
,,relationship (n)
,,tendency (n)
2239,strongly (adv),agree (v)
,,associated (with) (vpp)
,,correlated (with) (vpp)
,,disagree (v)
,,influenced (by) (vpp)
,,linked (vpp)
,,opposed (vpp)
,,related (to) (vpp)
,,suggest (v)
2248,structural (adj),adjustment (n)
,,change (n)
,,element (n)
,,feature (n)
,,properties (n)
2253,subject (adj),area (n)
2254,subsequent (adj),analysis (n)
,,chapter (n)
,,development (n)
,,study (n)
,,work (n)
2259,substantial (adj),amount (of) (n)
,,difference (n)
,,evidence (n)
,,number (n)
,,part (n)
2264,substantially (adv),different (adj)
2265,successful (adj),implementation (n)
2266,sufficient (adj),condition (n)
,,detail (n)
,,evidence (n)
,,information (n)
,,resources (n)
2271,superior (adj),performance (n)
2272,support (an) (v),argument (n)
2273,supporting (adj),evidence (n)
2274,survey (n),data (n)
2275,symbiotic (adj),relationship (n)
2276,systematic (adj),analysis (n)
,,approach (n)
,,study (n)
2279,tacit (adj),knowledge (n)
2280,take (v),initiative (n)
,,precedence (over) (n)
,,responsibility (n)
2283,take (a) (v),role (in) (n)
2284,take (an) (v),approach (n)
2285,take into (v),consideration (n)
2286,take on (the) role (v),"role (of, as) (n)"
2287,take up (the) (v),"role (of, as) (n)"
2288,target (n),audience (n)
2289,teaching (n),strategy (n)
2290,technical (adj),aspect (n)
,,assistance (n)
,,detail (n)
,,expertise (n)
,,issue (n)
,,knowledge (n)
,,problem (n)
,,skill (n)
,,support (n)
,,term (n)
2300,technological (adj),advances (n)
,,change (n)
,,development (n)
,,innovation (n)
,,progress (n)
2305,test (n),score (n)
2306,test (a) (v),theory (n)
2307,textual (adj),analysis (n)
2308,thematic (adj),analysis (n)
2309,theoretical (adj),analysis (n)
,,approach (n)
,,basis (n)
,,concept (n)
,,debate (n)
,,framework (n)
,,issue (n)
,,model (n)
,,perspective (n)
,,study (n)
,,understanding (n)
,,work (n)
2321,think (v),differently (adv)
2322,thinking (n),process (n)
2323,third (adj),party (n)
2324,thought (n),process (n)
2325,tightly (adv),controlled (vpp)
2326,top (adj),management (n)
2327,total (adj),income (n)
2328,totally (adv),different (adj)
2329,traditional (adj),approach (n)
,,culture (n)
,,form (n)
,,method (n)
,,practice (n)
,,research (n)
,,society (n)
,,value (n)
,,view (n)
2338,transferable (adj),skill (n)
2339,transmit (v),data (n)
,,information (n)
2341,transport (n),system (n)
2342,treat (v),differently (adv)
,,equally (adv)
2344,typical (adj),example (n)
2345,ultimate (adj),goal (n)
2346,undergo (adj),transformation (n)
2347,underlying (adj),assumption (n)
,,cause (n)
,,principle (n)
,,process (n)
,,reason (n)
,,structure (n)
2353,undertake (v),research (n)
,,work (n)
2355,undertake (an) (v),activity (n)
2356,unequal (adj),power (n)
2357,unfair (adj),treatment (n)
2358,unintended (adj),consequences (n)
2359,unique (adj),individual (n)
,,opportunity (n)
,,position (n)
2362,universally (adv),accepted (vpp)
2363,unlimited (adj),access (n)
2364,unskilled (adj),worker (n)
2365,urban (adj),area (n)
,,center (n)
,,design (n)
,,development (n)
,,environment (n)
2370,use (v),criteria (n)
,,effectively (adv)
,,resources (n)
,,sparingly (adv)
,,statistics (n)
2375,use (a) (v),format (n)
,,method (n)
,,methodology (n)
,,procedure (n)
,,source (n)
,,strategy (n)
,,technique (n)
,,theory (n)
2383,use (an) (v),analysis (n)
,,approach (n)
,,definition (n)
2386,use (the) concept (v),concept (n)
2387,use (the) data (v),data (n)
2388,useful (adj),information (n)
,,material (n)
,,means (n)
,,source (n)
,,summary (n)
,,tool (n)
2394,valid (adj),argument (n)
2395,valuable (adj),information (n)
,,resources (n)
2397,various (adj),aspects (n)
2398,vary (v),considerably (adv)
,,greatly (adv)
,,significantly (adv)
,,widely (adv)
2402,varying (adj),degree (n)
2403,vast (adj),amount (of) (n)
,,area (n)
,,array (of) (n)
,,majority (n)
,,number (n)
,,quantities (of) (n)
,,range (of) (n)
2410,verbal (adj),communication (n)
,,language (n)
2412,vested (adj),interest (n)
2413,virtual (adj),community (n)
2414,virtually (adv),impossible (adj)
2415,visual (adj),image (n)
,,media (n)
,,perception (n)
,,representation (n)
2419,vital (adj),importance (n)
,,part (n)
,,role (n)
2422,vulnerable (adj),group (n)
2423,welfare (n),reform (n)
2424,well (adv),aware (adj)
,,designed (vpp)
,,documented (vpp)
,,educated (vpp)
,,established (vpp)
,,received (vpp)
2430,western (adj),democracy (n)
,,society (n)
,,tradition (n)
2433,whole (adj),area (n)
,,period (n)
,,range (of) (n)
2436,wide (adj),area (n)
,,array (of) (n)
,,range (of) (n)
,,variation (n)
2440,widely (adv),accepted (vpp)
,,adopted (vpp)
,,available (adj)
,,believed (vpp)
,,different (adj)
,,discussed (vpp)
,,dispersed (vpp)
,,distributed (vpp)
,,known (vpp)
,,read (vpp)
,,recognized (vpp)
,,regarded (as) (vpp)
,,shared (vpp)
,,used (vpp)
2454,wider (adj),audience (n)
,,community (n)
,,context (n)
,,implications (n)
,,issue (n)
,,public (n)
,,society (n)
2461,widespread (adj),acceptance (n)
,,belief (n)
,,support (n)
,,use (n)
2465,work (v),effectively (adv)
2466,written (adj),comment (n)
,,communication (n)
,,statement (n)
2469,younger (adj),generation (n)
