headword,pos,supplement,topic_tag,entry,meaning,meaning_en,meaning_ja,ipa,word_id,example_sentence,translated_sentence,sentence_id
,,,,come through,"【句動】（感覚･考えなどが）ほかの人にわかる,伝わる /  やり遂げる,成し遂げる,成功する / 通り抜ける,移動する / 《...の》力になる, 頼りになる《for ...》",,"【句動】（感覚･考えなどが）ほかの人にわかる,伝わる /  やり遂げる,成し遂げる,成功する / 通り抜ける,移動する / 《...の》力になる, 頼りになる《for ...》",/kʌm θruː/,240113,I hope my message comes through to him.,私のメッセージが彼に伝わることを願っています。,3007624
,,,,go on,"起こる,行われる / 続く,続ける,を続ける；引き続き...し続ける《to do》",,"起こる,行われる / 続く,続ける,を続ける；引き続き...し続ける《to do》",/ɡoʊ ɒn/,239544,Unexpected events can go on at any time.,予期せぬ出来事はいつでも起こりうる。,3007063
,,,,set up,を設置する / を用意する,,を設置する / を用意する,/sɛt ʌp/,239560,I need to set up the new computer.,新しいコンピュータを設置する必要があります。,3007078
,,,,pick up,"（落ちているものを）拾い上げる /  （電話に）出る  / （人を）迎えに行く, 車で迎える / （知識・言語・習慣などを）身につける / 〈俗〉をナンパする",,"（落ちているものを）拾い上げる /  （電話に）出る  / （人を）迎えに行く, 車で迎える / （知識・言語・習慣などを）身につける / 〈俗〉をナンパする",/pɪk ʌp/,239572,I will pick up the package from the post office.,私は郵便局から荷物を取りに行きます。,3007090
,,,,come back,"《...に》帰ってくる,戻る《to ...》",,"《...に》帰ってくる,戻る《to ...》",/kʌm bæk/,239588,I will come back home tomorrow.,明日、私は家に帰ってくる。,3007102
,,,,find out,"をみつけだす, をつきとめる",,"をみつけだす, をつきとめる",/faɪnd aʊt/,239590,I need to find out the truth.,私は真実を見つけ出さなければならない。,3007106
,,,,point out,を指摘する,,を指摘する,/pɔɪnt aʊt/,239591,I would like to point out a mistake in your report.,あなたのレポートに誤りを指摘したいと思います。,3007107
,,,,come out,【句動詞】登場する、出てくる,,【句動詞】登場する、出てくる,/kʌm aʊt/,239597,I can't wait for the new movie to come out.,新しい映画が出るのが待ちきれません。,3007115
,,,,take up,"（特定の量の時間や労力など）を使う / を議論する,を対処する / （喜びのために）を始める / を取り上げる,を上げる/（時間・場所など）を占める",,"（特定の量の時間や労力など）を使う / を議論する,を対処する / （喜びのために）を始める / を取り上げる,を上げる/（時間・場所など）を占める",/teɪk ʌp/,239634,I don't want to take up too much of your time.,あまりあなたの時間を取らせたくありません。,3007149
,,,,set out,"《...を》始める,着手する《on ... / to do》 / 《...に向かって》出発する《for ...》 / をきちんと説明する",,"《...を》始める,着手する《on ... / to do》 / 《...に向かって》出発する《for ...》 / をきちんと説明する",/sɛt aʊt/,239636,They set out on their journey early in the morning.,彼らは早朝に旅立った。,3007151
,,,,take on,"を担当する,を扱う,を引き受ける / を得る",,"を担当する,を扱う,を引き受ける / を得る",/teɪk ɒn/,239643,She will take on the role of project manager.,彼女はプロジェクトマネージャーの役割を担当します。,3007155
,,,,give up,"をやめる,を放棄する,を諦める",,"をやめる,を放棄する,を諦める",/ɡɪv ʌp/,239655,I will never give up on my dreams.,私は自分の夢を決して諦めません。,3007167
,,,,get up,"起きる, 立ち上がる",,"起きる, 立ち上がる",/ɡɛt ʌp/,239658,I usually get up at 7 am.,私は通常、朝7時に起きます。,3007168
,,,,carry on,"（途中で諦めずに）を続ける / を行う,に参加する / ",,"（途中で諦めずに）を続ける / を行う,に参加する / ",/'kæri ɒn/,239659,I will carry on with my studies despite the challenges.,私は困難にもかかわらず、勉強を続けます。,3007171
,,,,go back,《...に》戻る《to ...》、遡る,,《...に》戻る《to ...》、遡る,/ɡoʊ bæk/,239660,I need to go back to my hometown.,私は故郷に戻る必要があります。,3007175
,,,,end up,《...に》最終的になる《as ...》 / 《...に》最終的に入る《in ...》 / 最終的に《...》することになる《(by) doing》,,《...に》最終的になる《as ...》 / 《...に》最終的に入る《in ...》 / 最終的に《...》することになる《(by) doing》,/ɛnd ʌp/,239683,"I didn't plan on going to the party, but I ended up going anyway.",パーティーに行く予定はなかったけど、最終的には行くことになった。,3007198
,,,,get back,"戻る, 《...に》戻る《to ...》",,"戻る, 《...に》戻る《to ...》",/ɡɛt bæk/,239686,I need to get back to work.,仕事に戻らなければならない。,3007194
,,,,turn up,"を見つける,を発見する,に気づく / （音や熱など）を大きくする,を上げる / 現れる, 姿を現す",,"を見つける,を発見する,に気づく / （音や熱など）を大きくする,を上げる / 現れる, 姿を現す",/tɜrn ʌp/,239707,I couldn't turn up my keys anywhere.,どこにも鍵が見つからなかった。,3007217
,,,,follow up,"《…を》 引き続き調べる, 追求する, 究明する 《on》",,"《…を》 引き続き調べる, 追求する, 究明する 《on》",/fɒloʊ ʌp/,239767,I will follow up with the customer to address their concerns.,顧客の懸念事項に対処するために引き続きフォローアップします。,3007279
,,,,hang on,"じっと待つ,《くだけた話》ちょっと待って / 《...に》しがみつく,くっついている《to ...》,手放さない",,"じっと待つ,《くだけた話》ちょっと待って / 《...に》しがみつく,くっついている《to ...》,手放さない",/hæŋ ɑn/,239771,"Hang on, I'll be right back.",ちょっと待って、すぐ戻ります。,3007280
,,,,take off,"を脱ぐ / 急に場所を離れる / 地面を離れて上昇する,離陸する",,"を脱ぐ / 急に場所を離れる / 地面を離れて上昇する,離陸する",/teɪk ɒf/,239789,I need to [[take off]] my shoes before entering the house.,家に入る前に靴を脱がなければなりません。,3007297
,,,,bring up,を持ち出す / を育てる,,を持ち出す / を育てる,/bɹɪŋ ʌp/,239788,I want to bring up an important topic during the meeting.,会議中に重要な話題を取り上げたいと思います。,3007296
,,,,hand over,"《...に》を手渡す《to ...》 / 《...に》を引き渡す,を譲り渡す《to ...》",,"《...に》を手渡す《to ...》 / 《...に》を引き渡す,を譲り渡す《to ...》",/hænd ˈoʊvər/,239809,Please hand over the documents to the receptionist.,受付の人に書類を手渡してください。,3007316
,,,,keep up,"《...に》遅れずについていく, 《...と》同じ割合で増える《with ...》/ を続ける,を維持する",,"《...に》遅れずについていく, 《...と》同じ割合で増える《with ...》/ を続ける,を維持する",/kiːp ʌp/,239823,I need to keep up with the latest technology trends.,最新の技術トレンドに遅れずについていかなければならない。,3007333
,,,,set off,"《...に》出発する《for ...》,《...し》始める《to do》/ を爆発させる,（警報など）を鳴らす/ のきっかけとなる,（意図せずに）を引き起こす",,"《...に》出発する《for ...》,《...し》始める《to do》/ を爆発させる,（警報など）を鳴らす/ のきっかけとなる,（意図せずに）を引き起こす",/sɛt ɒf/,239830,I will set off for the airport tomorrow morning.,明日の朝、私は空港に出発します。,3007338
,,,,run out,"《時間･金･忍耐などが》尽きる,無くなる,使い果たす《of ...》/ 走って外に出る,走り出る",,"《時間･金･忍耐などが》尽きる,無くなる,使い果たす《of ...》/ 走って外に出る,走り出る",/rʌn aʊt/,239876,I need to go to the store because I've run out of milk.,牛乳がなくなったので、お店に行かなければなりません。,3007383
,,,,fill in,"《...の》代理になる《for ...》 / 《…について》（人）に詳細を伝える《on ...》 / を埋める,をふさぐ,を塗りつぶす,を書き入れる",,"《...の》代理になる《for ...》 / 《…について》（人）に詳細を伝える《on ...》 / を埋める,をふさぐ,を塗りつぶす,を書き入れる",/fɪl ɪn/,239929,I will fill in for you while you're on vacation.,あなたが休暇中は私が代理を務めます。,3007431
,,,,look back,"【句動】考え直す, 振り返る / 見直す",,"【句動】考え直す, 振り返る / 見直す",/lʊk bæk/,240040,It's always good to look back and reflect on your past experiences.,過去の経験を振り返り、考え直すことは常に良いことです。,3007535
,,,,wake up,【句動】目を覚ます,,【句動】目を覚ます,/weɪk ʌp/,240041,I wake up early every morning.,私は毎朝早く目を覚ます。,3007536
,,,,pull out,"【句動】を取り出す, を引き抜く",,"【句動】を取り出す, を引き抜く",/pʊl aʊt/,240042,He reached into his pocket to pull out his wallet.,彼はポケットに手を入れて財布を取り出した。,3007539
,,,,turn around,"【句動】振り向く,振り返る / を好転させる",,"【句動】振り向く,振り返る / を好転させる",/tɜrn əˈraʊnd/,240043,I turned around and saw a beautiful sunset.,振り向いて美しい夕日を見た。,3007538
,,,,look down,"【句動】下を向く,見下ろす / 《...を》見下す《on ...》",,"【句動】下を向く,見下ろす / 《...を》見下す《on ...》",/lʊk daʊn/,240044,Don't look down on others just because they are different.,違うからといって他人を見下すな。,3007537
,,,,bring back,【句動】が戻る / 《...から》持ち帰る《from ....》,,【句動】が戻る / 《...から》持ち帰る《from ....》,/brɪŋ bæk/,240045,I will bring back the book I borrowed from you.,あなたから借りた本を返します。,3007551
,,,,look out,"【句動】（外など）を眺める / 《...に》目を光らせる,心を配る《for ...》",,"【句動】（外など）を眺める / 《...に》目を光らせる,心を配る《for ...》",/lʊk aʊt/,240046,Look out the window and enjoy the beautiful view.,窓の外を眺めて美しい景色を楽しんでください。,3007553
,,,,hold on,"【句動】《...に》しがみついている,つかまっている,《...を》手放さないでいる《to ...》 / 持ちこたえる,続ける / 《くだけた話》待つ",,"【句動】《...に》しがみついている,つかまっている,《...を》手放さないでいる《to ...》 / 持ちこたえる,続ける / 《くだけた話》待つ",/həʊld ɒn/,240067,Hold on tight to your dreams.,夢にしっかりとしがみついてください。,3007570
,,,,pull back,"【句動】引っ込める,ひきもどす / 後退する,撤退する",,"【句動】引っ込める,ひきもどす / 後退する,撤退する",/pʊl bæk/,240071,He decided to pull back from the project.,彼はそのプロジェクトから撤退することを決めた。,1641737
,,,,build up,"【句動】強大になる,増える,渋滞する； を強大にする, を徐々に増大する",,"【句動】強大になる,増える,渋滞する； を強大にする, を徐々に増大する",/bɪld ʌp/,240072,He worked hard to build up his strength.,彼は体力を増強するために一生懸命努力した。,3007573
,,,,come over,"【句動】やって来る,近づいてくる,近づいていく、訪ねてくる",,"【句動】やって来る,近づいてくる,近づいていく、訪ねてくる",/kʌm ˈoʊvər/,240077,Can you come over to my house tomorrow?,明日、私の家に来てくれる？,3007578
,,,,put on,"【句動】を身につける,を着る, をつける / を上演する, を催す",,"【句動】を身につける,を着る, をつける / を上演する, を催す",/pʊt ɒn/,240075,I put on my coat before going outside.,外に出る前にコートを身につけます。,3007576
,,,,put back,"【句動】を元の場所に戻す,引き返す",,"【句動】を元の場所に戻す,引き返す",/pʊt bæk/,240082,Please put back the book on the shelf.,本を棚に戻してください。,3007582
,,,,send out,"【句動】《...に》を発送する,を送り出す《to ...》 / 《...に》を派遣する《to ...》",,"【句動】《...に》を発送する,を送り出す《to ...》 / 《...に》を派遣する《to ...》",/sɛnd aʊt/,240083,I will send out the package tomorrow.,明日、私は荷物を発送します。,3007584
,,,,sit back,"【句動】（椅子に）深く座る,腰掛ける / 《くだけて》のんびりする, 何もしないでいる",,"【句動】（椅子に）深く座る,腰掛ける / 《くだけて》のんびりする, 何もしないでいる",/sɪt bæk/,240101,Sit back and enjoy the show.,ショーを楽しむのに腰を下ろして観てください。,1626901
,,,,rule out,"【句動】を除外する,を排する,を無視する, …はないと断言する",,"【句動】を除外する,を排する,を無視する, …はないと断言する",/rul aʊt/,240102,I will [[rule out]] that option.,その選択肢を除外します。,3007609
,,,,move up,"【句動】昇進する,程度・地位が上がる / 上方へ移動する",,"【句動】昇進する,程度・地位が上がる / 上方へ移動する",/muːv ʌp/,240103,He is hoping to move up in the company.,彼は会社で昇進することを望んでいます。,3007610
,,,,pick out,"【句動】（いくつかの中から）を選抜する,を引き抜く,を選び出す / （いくつかの中から）を見つけ出す,を見つける",,"【句動】（いくつかの中から）を選抜する,を引き抜く,を選び出す / （いくつかの中から）を見つけ出す,を見つける",/pɪk aʊt/,240104,I will pick out the best candidate for the job.,私はその仕事のために最適な候補者を選抜します。,3007619
,,,,give back,"【句動】《...に》を返す,を還元する,を取り戻させる,のお返しをする《to ...》",,"【句動】《...に》を返す,を還元する,を取り戻させる,のお返しをする《to ...》",/ɡɪv bæk/,240106,Please give back my book.,私の本を返してください。,3007617
,,,,sum up,"【句動】をまとめる,を要約する,を総括する",,"【句動】をまとめる,を要約する,を総括する",/sʌm ʌp/,240107,Let me sum up the main points of the presentation.,プレゼンの要点をまとめさせてください。,3007618
,,,,put off,"【句動】を後回しにする,を延期する,を先延ばしにする / の気を悪くさせる, を不快にする,をうんざりさせる",,"【句動】を後回しにする,を延期する,を先延ばしにする / の気を悪くさせる, を不快にする,をうんざりさせる",/pʊt ɒf/,240120,I always put off doing my homework until the last minute.,私はいつも宿題を最後の瞬間まで後回しにします。,3007631
,,,,get out,"出る,  ...から出す,から逃げ出す《of ...》",,"出る,  ...から出す,から逃げ出す《of ...》",/ɡɛt aʊt/,239630,I need to get out of the house and get some fresh air.,家を出て新鮮な空気を吸いたい。,3007141
,,,,turn out,"...だとわかる, ...だと判明する《C / to be》",,"...だとわかる, ...だと判明する《C / to be》",/tɜːrn aʊt/,239648,It turns out that he is a talented musician.,彼は才能あるミュージシャンだとわかる。,3007162
,,,,break up,"【名/U/C】 《...の》解消, 絶縁, 崩壊, 分裂, 解体 《of ...》/ 破綻する,別れる；（結婚・関係など）を終わらせる / ばらばらになる,分解される； をばらばらに分解する",,"【名/U/C】 《...の》解消, 絶縁, 崩壊, 分裂, 解体 《of ...》/ 破綻する,別れる；（結婚・関係など）を終わらせる / ばらばらになる,分解される； をばらばらに分解する",/bɹeɪk ʌp/,239843,They decided to break up after five years of dating.,彼らは5年間の交際の後、別れることを決めました。,3007349
,,,,put up,"置く、泊める、提供する、（見えるように）を取り付ける, （壁などに）を貼る / ...を大目に見る《with ...》/ を建てる、を置く",,"置く、泊める、提供する、（見えるように）を取り付ける, （壁などに）を貼る / ...を大目に見る《with ...》/ を建てる、を置く",/pʊt ʌp/,239846,I need to put up some shelves in my room.,私は部屋に棚を取り付ける必要があります。,3007355
,,,,make out,"を見分ける,を聞き分ける / を理解する  /  進展する / イチャイチャする",,"を見分ける,を聞き分ける / を理解する  /  進展する / イチャイチャする",/meɪk aʊt/,240008,I couldn’t [[make out]] what my grandpa was saying.,おじいちゃんが何を言っているのか聞き取れなかった。,1017468
,,,,go down,"【句動】降りる / 減少する,下落する / （南や下のほうに）行く / （後々まで）記憶される / （考えなどが）受け入れられる",,"【句動】降りる / 減少する,下落する / （南や下のほうに）行く / （後々まで）記憶される / （考えなどが）受け入れられる",/ɡoʊ daʊn/,240035,I go down the stairs.,私は階段を降ります。,3007530
,,,,go up,【句動】上昇する / 上がる,,【句動】上昇する / 上がる,/ɡoʊ ʌp/,240039,The elevator will go up to the top floor.,エレベーターは最上階まで上昇します。,3007534
,,,,look around,"【句動】見回す,周りを調べる",,"【句動】見回す,周りを調べる",/lʊk əˈraʊnd/,240051,I look around the room to find my keys.,私は鍵を探すために部屋を見回します。,3007552
,,,,shut down,【句動】を停止する,,【句動】を停止する,/ʃʌt daʊn/,240059,Please shut down the computer before leaving.,出かける前にコンピュータをシャットダウンしてください。,3007567
,,,,turn over,"【句動】《...に》を明け渡す,を引き渡す《to ...》 / をひっくり返す",,"【句動】《...に》を明け渡す,を引き渡す《to ...》 / をひっくり返す",/tɜːrn ˈoʊvər/,240060,He decided to turn over the company to his son.,彼は会社を息子に明け渡すことを決めた。,3007563
,,,,bring out,"【句動】（才能・特徴など）を引き出す,をはっきりとさせる / （新製品など）を世に出す / を取り出す,を連れ出す",,"【句動】（才能・特徴など）を引き出す,をはっきりとさせる / （新製品など）を世に出す / を取り出す,を連れ出す",/brɪŋ aʊt/,240070,Her speech brought out the best in everyone.,彼女のスピーチはみんなの最高の部分を引き出した。,3007574
,,,,throw out,"【句動】却下する,否決する / を捨てる,を処分する / 《...から》追い出す,放り出す《of ...》",,"【句動】却下する,否決する / を捨てる,を処分する / 《...から》追い出す,放り出す《of ...》",/θroʊ aʊt/,240073,I had to throw out all the old clothes that didn't fit anymore.,もう合わなくなった古い服をすべて捨てなければならなかった。,3007577
,,,,start out,"【句動】《...することに》乗り出す,取り掛かる《to do》",,"【句動】《...することに》乗り出す,取り掛かる《to do》",/stɑrt aʊt/,240079,I [[started out|start out]] as a cashier and [[worked my way up|work one's way up]] to manager.,私はレジ係から始めて、マネージャーに昇進しました。,1627912
,,,,lay down,"【句動】（使い終わったもの）を置く / （休むために）横になる / ...と規定する, ...ということを正式に決める",,"【句動】（使い終わったもの）を置く / （休むために）横になる / ...と規定する, ...ということを正式に決める",/leɪ daʊn/,240088,I lay down the book on the table.,私は本をテーブルに置きます。,3007586
,,,,stand out,"【句動】抜きん出る,傑出している,引き立つ / 目立つ,よくわかる ",,"【句動】抜きん出る,傑出している,引き立つ / 目立つ,よくわかる ",/stænd aʊt/,240090,Her talent for singing really makes her [[stand out]].,彼女の歌唱力は本当に抜きん出ている。,3007591
,,,,write down,"【句動】を書き留める,を記録する",,"【句動】を書き留める,を記録する",/raɪt daʊn/,240098,I always write down my thoughts in a journal.,私はいつも自分の考えを日記に書き留めます。,3007614
,,,,set down,【句動】（地面･テーブルの上などに）を置く、書き留める,,【句動】（地面･テーブルの上などに）を置く、書き留める,/sɛt daʊn/,240112,Please set down the book on the table.,本をテーブルの上に置いてください。,3007623
,,,,settle down,"【句動】身を落ち着ける, 結婚して身を固める / 落ち着く / 座る,腰を落ち着ける",,"【句動】身を落ち着ける, 結婚して身を固める / 落ち着く / 座る,腰を落ち着ける",/ˈsɛtəl daʊn/,240114,It's time for you to settle down and start a family.,あなたが落ち着いて家族を持つ時が来たんだ。,3007626
,,,,put in,"【句動】の中に入れる,含める,挿入する,入れる / （時間・努力）をつぎ込む,を投資する,を費やす",,"【句動】の中に入れる,含める,挿入する,入れる / （時間・努力）をつぎ込む,を投資する,を費やす",/pʊt ɪn/,240122,Let's put in a lot of time on that project.,このプロジェクトにはたっぷり時間をかけましょう。,134944
,,,,come about,《...によって》（予期せぬことが）起こる《through ...》,,《...によって》（予期せぬことが）起こる《through ...》,/kʌm əˈbaʊt/,240027,Unexpected changes in plans can come about through unforeseen circumstances.,予期せぬ事態によって、計画の予定変更が起こることがあります。,3007526
,,,,grow up,【句動】成長する,,【句動】成長する,/ɡroʊ ʌp/,240029,I want to see my children grow up and become successful.,私は子供たちが成長して成功するのを見たいです。,3007523
,,,,cut off,"【句動】を切り落とす,切り離す / をさえぎる / の提供を終える,の供給を断つ",,"【句動】を切り落とす,切り離す / をさえぎる / の提供を終える,の供給を断つ",/kʌt ɒf/,240056,He cut off a piece of the rope.,彼はロープの一部を切り落とした。,3007558
,,,,call out,"【句動】を大声で呼ぶ,を呼びかける",,"【句動】を大声で呼ぶ,を呼びかける",/kɔːl aʊt/,240080,I heard someone call out my name from across the street.,道路の向こうから誰かが私の名前を大声で呼んでいるのが聞こえました。,3007581
,,,,come along,"【句動】やって来る,現れる / 《...と》一緒に来る《with ...》 / 進捗する, 上達する, うまくいく",,"【句動】やって来る,現れる / 《...と》一緒に来る《with ...》 / 進捗する, 上達する, うまくいく",/kʌm əˈlɔŋ/,240091,I hope you can come along to the party tomorrow.,明日のパーティーに一緒に来てくれるといいな。,3007592
,,,,break out,"【句動】（戦争･火事･乱闘などが〉急に起こる,勃発する",,"【句動】（戦争･火事･乱闘などが〉急に起こる,勃発する",/ˈbreɪk aʊt/,240093,A fight broke out at the party last night.,昨夜のパーティーで乱闘が勃発しました。,3007594
,,,,wind up,"【句動】（意に反して）結局...することになる《doing》, 最後には…に至る",,"【句動】（意に反して）結局...することになる《doing》, 最後には…に至る",/waɪnd ʌp/,240062,"Despite my initial reluctance, I wound up enjoying the party.",最初は渋っていたにも関わらず、結局はパーティーを楽しむことになった。,6510332
,,,,take back,"【句動】を連れて帰る,を連れ戻す / を取り戻す,を奪還する / （言葉などを）取り消す",,"【句動】を連れて帰る,を連れ戻す / を取り戻す,を奪還する / （言葉などを）取り消す",/teɪk bæk/,240064,I need to take back the book I borrowed from you.,あなたから借りた本を返さなければならない。,3007566
,,,,come down,"【句動】降りる / 《主語it,all》大切なのは結局...である《to ...》/ （金額・価値が）下がる",,"【句動】降りる / 《主語it,all》大切なのは結局...である《to ...》/ （金額・価値が）下がる",/kʌm daʊn/,240038,It all [[comes down]] to how much effort you put in.,すべてはあなたがどれだけ努力するかにかかっています。,3010213
,,,,pull up,"【句動】停車する / を引き上げる,を引っ張り上げる",,"【句動】停車する / を引き上げる,を引っ張り上げる",/pʊl ʌp/,240057,I need to pull up to the gas station to fill up the tank.,ガソリンスタンドに停車してタンクを満タンにする必要があります。,1651493
,,,,carry out,"を実行する,を完了する / を実行に移す,を実施する",,"を実行する,を完了する / を実行に移す,を実施する",/'kæri aʊt/,239564,They carry out experiments in the laboratory.,彼らは研究室で実験を行います。,3007080
,,,,go through,"（困難・悪いこと）を経験する / （正式に）承諾される,（公式に議会を）通過する",,"（困難・悪いこと）を経験する / （正式に）承諾される,（公式に議会を）通過する",/ɡəʊ θruː/,239600,[[The likes of]] you and I will never understand what she's [[going through|go through]].,あなたや私のような者には、彼女が経験したことは決して理解できないでしょう。,1017596
,,,,get on,"（中断していたこと）を続ける《with》；すぐに行動を開始する,ぐずぐずせずにやる 《with it》 / （乗り物）に乗る / うまくやっていく, 仲良くやっていく, 気が合う / 《~ better terms with ...》...とより良い関係になる",,"（中断していたこと）を続ける《with》；すぐに行動を開始する,ぐずぐずせずにやる 《with it》 / （乗り物）に乗る / うまくやっていく, 仲良くやっていく, 気が合う / 《~ better terms with ...》...とより良い関係になる",/ɡɛt ɒn/,239664,I need to get on with my work.,仕事を続ける必要があります。,3007173
,,,,bring about,"...をもたらす, ...を引き起こす",,"...をもたらす, ...を引き起こす",/brɪŋ əˈbaʊt/,239777,The new technology will bring about significant changes in our daily lives.,新しい技術は私たちの日常生活に大きな変化をもたらすでしょう。,3007285
,,,,hold out,"【句動】差し伸べる,差し出す / 手もとにとどめて置く, 《...に》期待している《much hope of / for》、持ち堪える",,"【句動】差し伸べる,差し出す / 手もとにとどめて置く, 《...に》期待している《much hope of / for》、持ち堪える",/həʊld aʊt/,240069,"Water supplies won't hold out if we don't get some rain soon.

The rebel were able to hold out for weeks in the jungle.

She held out her hand to help him up.","すぐに雨が降らないと、水の供給が持たない。

反乱軍はジャングルの中で何週間も持ちこたえることができた。

彼女は彼を助け起こすために手を差し出した。",3007572
,,,,come off,"【句動】《...から》はずれる,とれる,剥がれる,脱げる《of ...》,（ボタンなどが）...からとれる / ...という印象を与える / の状態で終わる/実現する",,"【句動】《...から》はずれる,とれる,剥がれる,脱げる《of ...》,（ボタンなどが）...からとれる / ...という印象を与える / の状態で終わる/実現する",/kʌm ɒf/,240109,The sticker on my laptop started to come off.,私のラップトップのステッカーがはがれ始めました。,3007621
,,,,go along,"【句動】進行する,進めていく / 《...に》同意する ,賛成する《...と》一緒に行く,共に進む《with  ...》/ （非公式に・計画しないで）行く",,"【句動】進行する,進めていく / 《...に》同意する ,賛成する《...と》一緒に行く,共に進む《with  ...》/ （非公式に・計画しないで）行く",/ɡoʊ əˈlɔŋ/,240118,I usually go along with whatever my friends want to do.,私は普通、友達がやりたいことに合わせます。,3008859
,,,,take out,"【句動】を取り出す / を招待する,を連れて行く",,"【句動】を取り出す / を招待する,を連れて行く",/teɪk aʊt/,240034,I need to take out the trash.,ゴミを取り出さなければなりません。,3007529
,,,,make up,"を形成する,を作り上げる, を占める / (デタラメを) でっちあげる / 《..を》決心する《 one's mind about ... / to do / that ...》 / 《...の》埋め合わせをする《for ...》 / 《...と》仲直りをする《with ...》",,"を形成する,を作り上げる, を占める / (デタラメを) でっちあげる / 《..を》決心する《 one's mind about ... / to do / that ...》 / 《...の》埋め合わせをする《for ...》 / 《...と》仲直りをする《with ...》",/mek ʌp/,239681,"They had a big argument yesterday, but they made up this morning.",彼らは昨日大喧嘩したけれど、今朝仲直りした。,6535974
,,,,take in,"【句動】（客）を迎え入れる,を泊める,（子ども）を引き取る,（人）に部屋を貸す / 頭の中に取り込む,理解する,把握する / をだます,を欺く",,"【句動】（客）を迎え入れる,を泊める,（子ども）を引き取る,（人）に部屋を貸す / 頭の中に取り込む,理解する,把握する / をだます,を欺く",/teɪk ɪn/,240111,I will take in a guest tonight.,今夜、私は客を迎え入れます。,3007625
,,,,break down,"【句動】故障する,失敗する,を破壊する / 《...に》を分解する《into ...》/ 取り乱す,精神的に参る / （化学分解を受けて）を分離する",,"【句動】故障する,失敗する,を破壊する / 《...に》を分解する《into ...》/ 取り乱す,精神的に参る / （化学分解を受けて）を分離する",/bɹeɪk daʊn/,240053,My car broke down on the way to work.,私の車が通勤途中で故障しました。,3007560
,,,,clean up,"【句動】を掃除する,をきれいにする,を片付ける / を一掃する,を根絶する",,"【句動】を掃除する,をきれいにする,を片付ける / を一掃する,を根絶する",/ˈkliːn ʌp/,240058,I need to clean up my room before guests arrive.,ゲストが到着する前に部屋を掃除しなければなりません。,3007562
,,,,give out,"【句動】《...に》を配る,を配布する《to ...》/ を公表する, を報道する / 尽きる,故障で止まる,終わる",,"【句動】《...に》を配る,を配布する《to ...》/ を公表する, を報道する / 尽きる,故障で止まる,終わる",/ɡɪv aʊt/,240116,The teacher will give out the test papers tomorrow.,明日、先生は試験用紙を配ります。,3007627
,,,,stand up,"【句動】立ち上がる / 表明する,堂々と言う,《~ to ...》《...に》恐れず立ち向かう",,"【句動】立ち上がる / 表明する,堂々と言う,《~ to ...》《...に》恐れず立ち向かう",/stænd ʌp/,240037,I watched as the crowd cheered and the performer stood up on stage.,私は群衆が歓声を上げ、パフォーマーがステージで立ち上がるのを見ました。,3007533
,,,,reach out,"【句動】手を伸ばす, 《...を》得ようとする《for ...》/ 《...に》援助を申し出る, 意思疎通を図ろうとする《to ...",,"【句動】手を伸ばす, 《...を》得ようとする《for ...》/ 《...に》援助を申し出る, 意思疎通を図ろうとする《to ...",/riːtʃ aʊt/,240055,I reached out to my old friend to catch up.,近況を報告し合うために古い友人に連絡を取った。,3007561
,,,,get down,"【句動】《...に》本腰を入れて取り組む《to ...》/ 身体を低くする,伏せる；ひざまずく《on one's knee》/  《...へ / ...から》降りる,を降ろす《to ... / from ...》",,"【句動】《...に》本腰を入れて取り組む《to ...》/ 身体を低くする,伏せる；ひざまずく《on one's knee》/  《...へ / ...から》降りる,を降ろす《to ... / from ...》",/ɡɛt daʊn/,240076,I need to get down to work and finish this project.,このプロジェクトを終わらせるために本腰を入れて取り組まなければならない。,3007580
,,,,get through,"【句動】《...に》うまく届く,をうまく送り届ける《to ...》 / 《...に》（困難だが）なんとか理解される《to ...》,《Bに》Aをなんとか理解させる《A through to B》/ 《...に》連絡がつく《to ...》/ （困難など）を乗り越える",,"【句動】《...に》うまく届く,をうまく送り届ける《to ...》 / 《...に》（困難だが）なんとか理解される《to ...》,《Bに》Aをなんとか理解させる《A through to B》/ 《...に》連絡がつく《to ...》/ （困難など）を乗り越える",/ɡɛt θruː/,240096,I have to get through with the work by tomorrow.,私は明日までにその仕事を終えなければならない。,66862
,,,,move on,"《新しいことを》始める,話し合う《to ...》 / 《 ...に》移動する, 《...に》引っ越す《to ...》 / 先に進む / 〈話題など〉変える, 先に進む /  （辛い経験を乗り越えて）精神的に前に進む",,"《新しいことを》始める,話し合う《to ...》 / 《 ...に》移動する, 《...に》引っ越す《to ...》 / 先に進む / 〈話題など〉変える, 先に進む /  （辛い経験を乗り越えて）精神的に前に進む",/muːv ɒn/,239756,It's time to move on and start something new.,新しいことを始める時が来た。,3007263
,,,,go over,"【句動】飛び越す,行く / を越える / を詳しく調べる,をよく見る",,"【句動】飛び越す,行く / を越える / を詳しく調べる,をよく見る",/ɡoʊ ˈoʊ.vər/,240065,The police are going over the crime scene for any clues.,警察は犯罪現場を詳しく調査して、手がかりを探しています。,3007569
,,,,turn down,"【名/U/C】拒絶 / 拒絶された人 【形】（えりなどの）折り返しの【動/他】を拒む,却下する / （つまみを回して）..を小さくする",,"【名/U/C】拒絶 / 拒絶された人 【形】（えりなどの）折り返しの【動/他】を拒む,却下する / （つまみを回して）..を小さくする",/tɜrn daʊn/,239986,I had to turn down the job offer because it didn't align with my career goals.,私は仕事のオファーを断らなければならなかった、なぜならそれは私のキャリアの目標と一致しなかったからです。,3007489
,,,,go off,"《...に》行く,出発する, 立ち去る《to ...》 / 急に大きな音が鳴る, 急に発光する / 爆発する, （銃が）発射される / 急に始める",,"《...に》行く,出発する, 立ち去る《to ...》 / 急に大きな音が鳴る, 急に発光する / 爆発する, （銃が）発射される / 急に始める",/ɡoʊ ɒf/,239736,I need to go off to the grocery store.,私は食料品店に行かなければなりません。,3007248
,,,,go in,【句動】（場所・地域・部屋・建物に）入る,,【句動】（場所・地域・部屋・建物に）入る,/ɡoʊ ɪn/,240052,I go in the store to buy some groceries.,私は食料品を買うために店に入ります。,3007557
,,,,put down,"【句動】...を置く / ...を鎮圧する, ...を鎮める",,"【句動】...を置く / ...を鎮圧する, ...を鎮める",/pʊt daʊn/,240054,Please put down the book on the table.,本をテーブルに置いてください。,3007559
,,,,play out,"【句動】展開する,事が運ぶ",,"【句動】展開する,事が運ぶ",/pleɪ aʊt/,240092,The drama will play out over the course of several episodes.,このドラマは数エピソードにわたって展開されます。,3007593
,,,,sit up,"【句動】（寝た姿勢から）身体を起こす,きちんと座る,（寝ないで）起きている",,"【句動】（寝た姿勢から）身体を起こす,きちんと座る,（寝ないで）起きている",/sɪt ʌp/,240081,I sit up in bed every morning.,毎朝ベッドで身体を起こします。,3007583
,,,,move back,【句動】戻ってくる,,【句動】戻ってくる,/muːv bæk/,240099,I need to move back to my hometown.,私は故郷に戻ってくる必要があります。,1641489
,,,,fill out,"【句動】（書類の空所など）に書き入れる,に記入する",,"【句動】（書類の空所など）に書き入れる,に記入する",/fɪl aʊt/,240100,Please fill out the form with your personal information.,個人情報を入力してください。,3007612
,,,,give in,"【句動】降参する,屈服する,折れる",,"【句動】降参する,屈服する,折れる",/ɡɪv ɪn/,240117,I give in to your demands.,私はあなたの要求に降参する。,3007628
,,,,close down,"【句動】閉鎖する,廃業する,終了する, を閉鎖する,を終了する",,"【句動】閉鎖する,廃業する,終了する, を閉鎖する,を終了する",/kləʊz daʊn/,240121,The company decided to close down its operations due to financial difficulties.,会社は財務的な困難のため、事業を閉鎖することを決定しました。,3007634
,,,,slow down,"【句動】鈍る,鈍化する",,"【句動】鈍る,鈍化する",/sloʊ daʊn/,240061,You need to slow down and enjoy life.,人生をゆっくりと楽しむ必要があります。,3007564
,,,,line up,"一列に並ぶ,行列をつくる,を整列させる,を並べる,《...に合わせて》をきちんと揃える《with ...》 / (位置を)調整する / 準備する / (仕事などを) 確保する, 手配する",,"一列に並ぶ,行列をつくる,を整列させる,を並べる,《...に合わせて》をきちんと揃える《with ...》 / (位置を)調整する / 準備する / (仕事などを) 確保する, 手配する",/laɪn ʌp/,240063,The students line up in the hallway before class.,授業前に生徒たちは廊下に一列に並びます。,3007565
,,,,hang up,"【句動】電話を切る,受話器を置く；（電話）を切る",,"【句動】電話を切る,受話器を置く；（電話）を切る",/hæŋ ʌp/,240066,"I need to hang up now, I have another call coming in.",今、切らないといけない。他の電話が入ってきているから。,3007575
,,,,set about,"【句動】に着手する,に取り組み始める",,"【句動】に着手する,に取り組み始める",/sɛt əˈbaʊt/,240123,He set about action to change himself.,彼は自分を変えるために行動を開始した。,3007635
,,,,go ahead,遠慮なく進める,,遠慮なく進める,/ɡoʊ əˈhɛd/,239776,You can go ahead and start without me.,私抜きでも遠慮なく進めてください。,3007284
,,,,hang out,"【句動】ぶらつく,ぶらぶらする,（リラックスして）時間を過ごす,《...と》一緒に過ごす, 一緒に遊ぶ《with ...》",,"【句動】ぶらつく,ぶらぶらする,（リラックスして）時間を過ごす,《...と》一緒に過ごす, 一緒に遊ぶ《with ...》",/hæŋ aʊt/,240074,I love to hang out with my friends on the weekends.,週末に友達と遊ぶのが大好きです。,1628498
,,,,lay out,"を明確に説明する / を並べる, を広げる",,"を明確に説明する / を並べる, を広げる",/leɪ aʊt/,240022,Let me lay out the plan for you.,あなたに計画を明確に説明させてください。,3007515
,,,,keep on,"【動/自】続く, 《...を》続ける《with ...》,そのまま進む, 《...ついて》勝手に喋り続ける《about ...》 【動/他】...を着たままでいる,...を取らないでいる / ...を続ける",,"【動/自】続く, 《...を》続ける《with ...》,そのまま進む, 《...ついて》勝手に喋り続ける《about ...》 【動/他】...を着たままでいる,...を取らないでいる / ...を続ける",/kiːp ɒn/,240024,I will keep on practicing until I get it right.,うまくできるまで練習を続けるつもりだ。,3007521
,,,,bring in,"【句動】を持ち込む,を持ってくる / （仕事などのために）を招き入れる,に依頼する",,"【句動】を持ち込む,を持ってくる / （仕事などのために）を招き入れる,に依頼する",/bɹɪŋ ɪn/,240047,I will bring in some snacks for the party.,パーティーにお菓子を持ち込みます。,3007555
,,,,move out,"【句動】《...から》出て行く,引っ越していく,立ち退く,撤退する《of ...》",,"【句動】《...から》出て行く,引っ越していく,立ち退く,撤退する《of ...》",/muːv aʊt/,240108,I am planning to move out of my apartment next month.,来月、私はアパートを出て行く予定です。,3007620
,,,,go around,"【句動】（うわさなどが）広まる, （次々と）回る, 動き回る",,"【句動】（うわさなどが）広まる, （次々と）回る, 動き回る",/ɡoʊ əˈraʊnd/,240094,Rumors go around quickly in small towns.,小さな町ではうわさがすぐに広まる。,3007595
,,,,take down,"【句動】をはずす,（はずして）を降ろす / を倒す,を取り壊す,を解体する / を連れて行く/書き留める",,"【句動】をはずす,（はずして）を降ろす / を倒す,を取り壊す,を解体する / を連れて行く/書き留める",/teɪk daʊn/,240105,He tried to take down the poster from the wall.,彼は壁からポスターをはずそうとした。,3007616
,,,,break off,"【句動】はずれる,取れる,を折り取る,をちぎり取る /  急に話をやめる, （会話）を急にやめる / （関係・同盟・交渉など）を絶つ,を解消する,を打ち切る",,"【句動】はずれる,取れる,を折り取る,をちぎり取る /  急に話をやめる, （会話）を急にやめる / （関係・同盟・交渉など）を絶つ,を解消する,を打ち切る",/bɹeɪk ɒf/,240119,I had to break off our conversation because I had to go to a meeting.,会議に行かなければならなかったので、私は私たちの会話を中断しなければなりませんでした。,3007632
,,,,pass on,"【句動】《...に》を次に回す,を順送りにする,を伝える《to ...》 / を継承する,を受け継ぐ /  やめておく, 遠慮する / この世を去る,永眠する（死ぬの婉曲表現）",,"【句動】《...に》を次に回す,を順送りにする,を伝える《to ...》 / を継承する,を受け継ぐ /  やめておく, 遠慮する / この世を去る,永眠する（死ぬの婉曲表現）",/pæs ɒn/,240110,Please pass on the message to the next person.,次の人にメッセージを伝えてください。,3007622
,,,,figure out,"【句動】を理解する,を明らかにする,を突き止める",,"【句動】を理解する,を明らかにする,を突き止める",/ˈfɪɡər aʊt/,240032,I need to figure out how to solve this problem.,この問題を解決する方法を見つける必要があります。,3007527
,,,,check out,"【句動】をよく調べる,を見てみる /（図書館などから）...を借りる / （ホテルなどから）支払いをして引き払う / （レジ係が）精算する / (急いで)出発する",,"【句動】をよく調べる,を見てみる /（図書館などから）...を借りる / （ホテルなどから）支払いをして引き払う / （レジ係が）精算する / (急いで)出発する",/tʃɛk aʊt/,240049,I need to check out this new restaurant in town.,私は町のこの新しいレストランをよく調べる必要があります。,3007556
,,,,take over,を引き継ぐ,,を引き継ぐ,/teɪk ˈoʊvər/,239608,She will take over the family business when her father retires.,彼女は父親が引退した時に家族の事業を引き継ぐ予定です。,3007121
,,,,get off,（乗り物から）降りる / 《...な》スタートを切る《to a ... start》/ （トラブルなどを）まぬがれる,,（乗り物から）降りる / 《...な》スタートを切る《to a ... start》/ （トラブルなどを）まぬがれる,/ɡɛt ɔf/,239665,I need to get off the bus at the next stop.,次の停留所でバスを降りる必要があります。,3007176
,,,,come up,"【句動】《...を》思いつく, 考える, 提案する, 生産する《with ...》 / もうすぐ起こる",,"【句動】《...を》思いつく, 考える, 提案する, 生産する《with ...》 / もうすぐ起こる",/kʌm ʌp/,240028,I couldn't come up with a good idea for the project.,私はプロジェクトのために良いアイデアを思いつくことができませんでした。,3007525
,,,,put out,"【句動】出す, 公開する / 消える,を消す / （見たり使ったりするために）を置く",,"【句動】出す, 公開する / 消える,を消す / （見たり使ったりするために）を置く",/pʊt aʊt/,240050,He put out the fire with a fire extinguisher.,彼は消火器で火を消した。,3007550
,,,,pay off,"【句動】を完済する / 実を結ぶ,報われる",,"【句動】を完済する / 実を結ぶ,報われる",/peɪ ɒf/,240068,I finally paid off my student loans.,私はついに学生ローンを完済しました。,3007571
,,,,move in,"【句動】《...に》入居する,引っ越す《to ...》/ 進出する,参入する,進入する",,"【句動】《...に》入居する,引っ越す《to ...》/ 進出する,参入する,進入する",/muːv ɪn/,240078,I am planning to move in next month.,来月、入居する予定です。,3007579
,,,,get in,"【句動】（場内に）入る, うまく入り込む, 入場を許可される / 《活動に》参加する,加わる,《市場に》参入する《on ...》",,"【句動】（場内に）入る, うまく入り込む, 入場を許可される / 《活動に》参加する,加わる,《市場に》参入する《on ...》",/ɡɛt ɪn/,240084,I need to get in line for the concert.,コンサートのために列に入る必要があります。,3007585
,,,,go out,"《...に》出る, 外出する,出かける《to ...》 / 《...と》付き合う,交際する《with ...》 / （火などが）消える /  《...に》送られる《to ...》",,"《...に》出る, 外出する,出かける《to ...》 / 《...と》付き合う,交際する《with ...》 / （火などが）消える /  《...に》送られる《to ...》",/ɡoʊ aʊt/,239619,I want to go out and enjoy the sunshine.,私は外に出て日光を楽しみたいです。,3007134
,,,,come on,"《話》急げ / おいで / （励まして）さあ,がんばれ,大丈夫だ / （納得がいかなくて）おいおい / （ねだって）お願いだよ / （挑発して）さあ来い / （明かりが）つく",,"《話》急げ / おいで / （励まして）さあ,がんばれ,大丈夫だ / （納得がいかなくて）おいおい / （ねだって）お願いだよ / （挑発して）さあ来い / （明かりが）つく",/kʌm ɒn/,239642,"Come on, we're going to be late!",急いで、遅れるよ！,3007153
,,,,work out,"を理解する,をよく考える,を計画する / （身体を）鍛える / 《良くあるいは悪く》起こる,発展する《well / badly 》/ 成功することを証明する",,"を理解する,をよく考える,を計画する / （身体を）鍛える / 《良くあるいは悪く》起こる,発展する《well / badly 》/ 成功することを証明する",/wɜːrk aʊt/,239644,I need to work out the math problem.,私はその数学の問題を理解する必要があります。,3007157
,,,,sort out,"を整理する, を分類する / を明らかにする,を解決する",,"を整理する, を分類する / を明らかにする,を解決する",/sɔrt aʊt/,239715,I need to sort out my closet.,私はクローゼットを整理する必要があります。,3007222
,,,,catch up,"【形】遅れの取り戻しの, 追い上げの 【句動】《通例受身/get》を巻き込む / 《...に》追いつく《with ...》,遅れを取り戻す / （より高度な人と同じレベルに）達する",,"【形】遅れの取り戻しの, 追い上げの 【句動】《通例受身/get》を巻き込む / 《...に》追いつく《with ...》,遅れを取り戻す / （より高度な人と同じレベルに）達する",/ˈkætʃ ʌp/,239944,I need to catch up on my work.,仕事を取り戻す必要があります。,3007448
,,,,shut up,"《くだけた話》しゃべるな,黙れ / 話をやめる / ...を黙らせる / 店を閉める,廃業する.",,"《くだけた話》しゃべるな,黙れ / 話をやめる / ...を黙らせる / 店を閉める,廃業する.",/ʃʌt ʌp/,239951,"Hey, could you please shut up for a moment?",ちょっと、しゃべるのやめてくれる？,3007450
,,,,turn back,"引き返す, 戻る / 元に戻る, 方針を変える / （人）を引き返させる, （物）を戻す",,"引き返す, 戻る / 元に戻る, 方針を変える / （人）を引き返させる, （物）を戻す",/tɜrn bæk/,240012,"I realized I forgot my wallet at home, so I had to turn back and get it.",財布を家に忘れたことに気づいて、引き返して取りに戻らなければなりませんでした。,3007509
,,,,hold up,"を掲げる / （良い状態で）持ちこたえる / を遅らせる,を阻む / 強盗する",,"を掲げる / （良い状態で）持ちこたえる / を遅らせる,を阻む / 強盗する",/həʊld ʌp/,240020,Can you hold up the sign for everyone to see?,皆が見るために、その看板を掲げてもらえますか？,6510352
,,,,look up,"【句動】仰ぎ見る,目を上げる / 〈言葉など〉を調べる /〈状況などが〉上向く / 立ち寄る",,"【句動】仰ぎ見る,目を上げる / 〈言葉など〉を調べる /〈状況などが〉上向く / 立ち寄る",/lʊk ʌp/,240031,I need to look up the definition of this word.,私はこの単語の定義を調べる必要があります。,3007524
,,,,sit down,【句動】腰を下ろす,,【句動】腰を下ろす,/sɪt daʊn/,240033,Please sit down.,腰を下ろしてください。,3007528
,,,,show up,"【句動】姿を現す,参加する",,"【句動】姿を現す,参加する",/ʃoʊ ʌp/,240036,I didn't expect him to show up at the party.,私は彼がパーティーに現れるとは思っていなかった。,3007532
,,,,blow up,"【句動】を爆破する,を爆弾で殺す",,"【句動】を爆破する,を爆弾で殺す",/bloʊ ʌp/,240085,The demolition crew will blow up the old building tomorrow.,明日、解体班が古い建物を爆破する予定です。,3007587
,,,,step back,【句動】一歩下がる / （客観的に考えるために）距離を置く / ,,【句動】一歩下がる / （客観的に考えるために）距離を置く / ,/stɛp bæk/,240087,I decided to take a step back and reevaluate the situation.,私は一歩引いて状況を見直すことにした。,3007590
,,,,walk out,"【句動】《...から》（怒り・不満で）出て行く,退席する,退場する；《仕事などを》突然やめる《of ...》",,"【句動】《...から》（怒り・不満で）出て行く,退席する,退場する；《仕事などを》突然やめる《of ...》",/wɔːk aʊt/,240095,"I couldn't stand his behavior anymore, so I decided to walk out.",彼の態度にもう我慢できなかったので、出て行くことに決めました。,3007611
,,,,turn off,"【句動】（機械のスイッチが）切れる,（電気など）を止める,を消す / 《くだけた話》をうんざりさせる,を飽きさせる",,"【句動】（機械のスイッチが）切れる,（電気など）を止める,を消す / 《くだけた話》をうんざりさせる,を飽きさせる",/tɜːrn ɒf/,240086,Please remember to turn off the lights before leaving the room.,部屋を出る前に、電気を消すのを忘れないでください。,3007589
,,,,come around,"【句動】やってくる / 《...に》意見を変える,態度を変えて同意する《to ...》/ 巡回してくる,巡り来る",,"【句動】やってくる / 《...に》意見を変える,態度を変えて同意する《to ...》/ 巡回してくる,巡り来る",/kʌm əˈraʊnd/,240115,I hope my friends will come around to my house tomorrow.,明日、友達が私の家にやってくることを願っています。,3007629
,,,,back up,"【名/U】予備 / 支援,応援 / 渋滞【形】予備の / 支援の / 非常用の【句動】後退する;を後退させる / を支援する,を後援する / 裏付ける, の裏付けをする/〜を渋滞させる",,"【名/U】予備 / 支援,応援 / 渋滞【形】予備の / 支援の / 非常用の【句動】後退する;を後退させる / を支援する,を後援する / 裏付ける, の裏付けをする/〜を渋滞させる",/bæk ʌp/,239963,I always back up my important files to an external hard drive.,私はいつも重要なファイルを外部ハードドライブにバックアップしています。,3007468
,,,,come in,"【句動】入る,入室する / 参加する, 〜で売られる、入手できる",,"【句動】入る,入室する / 参加する, 〜で売られる、入手できる",/kʌm ɪn/,240030,Please come in.,入ってください。,3007522
,,,,open up,"【句動】（機会・可能性など）が開ける, が広がる / を開く, を広げる / 《...に》心を開く, 打ち解ける《to ...》",,"【句動】（機会・可能性など）が開ける, が広がる / を開く, を広げる / 《...に》心を開く, 打ち解ける《to ...》",/ˈoʊpən ʌp/,240048,I hope this opportunity will open up new possibilities for me.,私はこの機会が私に新たな可能性を開けることを願っています。,3007554
,,,,bring down,"【句動】を降ろす,を墜落させる / （価格・数値など）を下げる,を減じる / を打ち倒す,を失脚させる",,"【句動】を降ろす,を墜落させる / （価格・数値など）を下げる,を減じる / を打ち倒す,を失脚させる",/brɪŋ daʊn/,240089,Please bring down the suitcase from the shelf.,棚からスーツケースを降ろしてください。,3007588
,,,,hold back,"【句動】自制する,控える / を押さえつける,を抑制する / をくい止める,を引き止める / をこらえる,を抑える",,"【句動】自制する,控える / を押さえつける,を抑制する / をくい止める,を引き止める / をこらえる,を抑える",/həʊld bæk/,240097,He had to hold back his tears during the emotional speech.,彼は感動的なスピーチ中に涙を抑えなければならなかった。,3007613
